Year,County,Region,Child Population,% of Children in Total Population,Total Population
2024,Anderson,4-Tyler,10476,18,57947
2024,Andrews,9-Midland,8220,31,26744
2024,Angelina,5-Beaumont,22941,25,91535
2024,Aransas,11-Edinburg,5754,19,29800
2024,Archer,2-Abilene,1662,20,8185
2024,Armstrong,1-Lubbock,344,18,1953
2024,Atascosa,8-San Antonio,14154,26,55190
2024,Austin,6-Houston,7097,23,31156
2024,Bailey,1-Lubbock,2322,29,7936
2024,Bandera,8-San Antonio,3513,16,21519
2024,Bastrop,7-Austin,21698,24,91201
2024,Baylor,2-Abilene,830,23,3611
2024,Bee,11-Edinburg,7904,22,35408
2024,Bell,7-Austin,106064,29,370791
2024,Bexar,8-San Antonio,567782,25,2255958
2024,Blanco,7-Austin,2153,18,11913
2024,Borden,9-Midland,114,16,702
2024,Bosque,7-Austin,3733,21,17576
2024,Bowie,4-Tyler,18821,20,92331
2024,Brazoria,6-Houston,97408,24,404564
2024,Brazos,7-Austin,53404,22,245955
2024,Brewster,10-El Paso,2045,23,9002
2024,Briscoe,1-Lubbock,291,19,1537
2024,Brooks,11-Edinburg,1815,25,7138
2024,Brown,2-Abilene,8244,21,38992
2024,Burleson,7-Austin,4039,22,17980
2024,Burnet,7-Austin,10946,22,50447
2024,Caldwell,7-Austin,11452,24,46919
2024,Calhoun,8-San Antonio,5749,25,23277
2024,Callahan,2-Abilene,2473,18,13508
2024,Cameron,11-Edinburg,122299,28,433732
2024,Camp,4-Tyler,3368,25,13712
2024,Carson,1-Lubbock,1274,22,5729
2024,Cass,4-Tyler,6602,22,30029
2024,Castro,1-Lubbock,1826,27,6758
2024,Chambers,6-Houston,11842,26,46162
2024,Cherokee,4-Tyler,12997,25,52445
2024,Childress,1-Lubbock,1386,20,7028
2024,Clay,2-Abilene,1785,19,9357
2024,Cochran,1-Lubbock,980,28,3449
2024,Coke,9-Midland,650,20,3188
2024,Coleman,2-Abilene,1982,24,8345
2024,Collin,3-Arlington,272584,23,1164788
2024,Collingsworth,1-Lubbock,876,27,3296
2024,Colorado,6-Houston,5048,24,21391
2024,Comal,8-San Antonio,37473,22,167889
2024,Comanche,2-Abilene,2860,23,12652
2024,Concho,9-Midland,561,14,4157
2024,Cooke,3-Arlington,8915,22,40187
2024,Coryell,7-Austin,18943,24,79893
2024,Cottle,2-Abilene,314,21,1520
2024,Crane,9-Midland,2051,29,7145
2024,Crockett,9-Midland,999,24,4128
2024,Crosby,1-Lubbock,1678,25,6619
2024,Culberson,10-El Paso,425,20,2169
2024,Dallam,1-Lubbock,2331,31,7479
2024,Dallas,3-Arlington,755741,26,2882853
2024,Dawson,9-Midland,3267,24,13513
2024,DeWitt,8-San Antonio,4880,22,22398
2024,Deaf Smith,1-Lubbock,5334,30,17786
2024,Delta,4-Tyler,1110,21,5375
2024,Denton,3-Arlington,223708,22,1015995
2024,Dickens,1-Lubbock,287,14,2082
2024,Dimmit,8-San Antonio,3787,30,12652
2024,Donley,1-Lubbock,661,20,3301
2024,Duval,11-Edinburg,3053,26,11658
2024,Eastland,2-Abilene,3924,22,17956
2024,Ector,9-Midland,60966,29,209823
2024,Edwards,8-San Antonio,387,20,1947
2024,El Paso,10-El Paso,247446,27,903116
2024,Ellis,3-Arlington,46732,25,190181
2024,Erath,3-Arlington,9065,21,43181
2024,Falls,7-Austin,3200,20,16183
2024,Fannin,3-Arlington,6862,20,34778
2024,Fayette,7-Austin,6207,23,26834
2024,Fisher,2-Abilene,849,21,3979
2024,Floyd,1-Lubbock,1338,24,5595
2024,Foard,2-Abilene,252,20,1231
2024,Fort Bend,6-Houston,234023,24,971347
2024,Franklin,4-Tyler,2800,25,11012
2024,Freestone,7-Austin,4432,22,19838
2024,Frio,8-San Antonio,4958,23,21269
2024,Gaines,9-Midland,7805,32,24199
2024,Galveston,6-Houston,91949,24,383315
2024,Garza,1-Lubbock,1441,21,6917
2024,Gillespie,8-San Antonio,5254,20,26902
2024,Glasscock,9-Midland,300,21,1424
2024,Goliad,8-San Antonio,1595,20,7953
2024,Gonzales,8-San Antonio,5741,26,21936
2024,Gray,1-Lubbock,6215,25,25199
2024,Grayson,3-Arlington,31319,23,135722
2024,Gregg,4-Tyler,31610,25,126837
2024,Grimes,7-Austin,6562,22,29751
2024,Guadalupe,8-San Antonio,46365,24,189459
2024,Hale,1-Lubbock,8523,27,31974
2024,Hall,1-Lubbock,778,24,3295
2024,Hamilton,7-Austin,1920,23,8196
2024,Hansford,1-Lubbock,1637,27,5957
2024,Hardeman,2-Abilene,943,25,3831
2024,Hardin,5-Beaumont,12082,21,57050
2024,Harris,6-Houston,1405608,26,5352681
2024,Harrison,4-Tyler,17608,25,69130
2024,Hartley,1-Lubbock,1190,19,6117
2024,Haskell,2-Abilene,1318,21,6374
2024,Hays,7-Austin,59972,22,274435
2024,Hemphill,1-Lubbock,1656,32,5163
2024,Henderson,4-Tyler,16838,21,81818
2024,Hidalgo,11-Edinburg,256718,28,906624
2024,Hill,7-Austin,8454,24,35636
2024,Hockley,1-Lubbock,6711,27,25280
2024,Hood,3-Arlington,12285,20,61659
2024,Hopkins,4-Tyler,8594,23,37579
2024,Houston,5-Beaumont,4479,20,22206
2024,Howard,9-Midland,10379,23,44245
2024,Hudspeth,10-El Paso,675,20,3396
2024,Hunt,3-Arlington,22932,23,99237
2024,Hutchinson,1-Lubbock,5264,25,21357
2024,Irion,9-Midland,255,17,1496
2024,Jack,2-Abilene,1970,22,8787
2024,Jackson,8-San Antonio,4378,26,16662
2024,Jasper,5-Beaumont,8062,23,35182
2024,Jeff Davis,10-El Paso,332,16,2030
2024,Jefferson,5-Beaumont,60911,23,260469
2024,Jim Hogg,11-Edinburg,1426,29,4969
2024,Jim Wells,11-Edinburg,12364,28,43508
2024,Johnson,3-Arlington,45534,25,180523
2024,Jones,2-Abilene,3171,16,19588
2024,Karnes,8-San Antonio,3560,23,15753
2024,Kaufman,3-Arlington,33224,25,135511
2024,Kendall,8-San Antonio,12015,22,53557
2024,Kenedy,11-Edinburg,113,23,494
2024,Kent,2-Abilene,160,20,808
2024,Kerr,8-San Antonio,10701,20,53363
2024,Kimble,9-Midland,813,19,4208
2024,King,1-Lubbock,54,17,323
2024,Kinney,8-San Antonio,710,21,3444
2024,Kleberg,11-Edinburg,6651,22,30737
2024,Knox,2-Abilene,1029,25,4043
2024,La Salle,8-San Antonio,1812,20,9000
2024,Lamar,4-Tyler,11149,22,49816
2024,Lamb,1-Lubbock,3112,25,12306
2024,Lampasas,7-Austin,4519,21,21602
2024,Lavaca,8-San Antonio,5432,25,21679
2024,Lee,7-Austin,4351,24,17971
2024,Leon,7-Austin,4194,23,18105
2024,Liberty,6-Houston,22337,25,89433
2024,Limestone,7-Austin,5162,22,23552
2024,Lipscomb,1-Lubbock,954,25,3809
2024,Live Oak,11-Edinburg,2641,22,12245
2024,Llano,7-Austin,3364,17,19527
2024,Loving,9-Midland,14,15,93
2024,Lubbock,1-Lubbock,79306,24,336447
2024,Lynn,1-Lubbock,1277,23,5465
2024,Madison,7-Austin,3508,23,14983
2024,Marion,4-Tyler,1956,19,10063
2024,Martin,9-Midland,1867,28,6655
2024,Mason,9-Midland,798,20,3906
2024,Matagorda,6-Houston,9026,24,36979
2024,Maverick,8-San Antonio,18055,29,62074
2024,McCulloch,9-Midland,1950,22,8789
2024,McLennan,7-Austin,65684,25,259984
2024,McMullen,11-Edinburg,134,17,787
2024,Medina,8-San Antonio,11684,22,52651
2024,Menard,9-Midland,420,19,2170
2024,Midland,9-Midland,60803,28,215652
2024,Milam,7-Austin,5818,24,24559
2024,Mills,7-Austin,1067,22,4832
2024,Mitchell,2-Abilene,2006,20,10039
2024,Montague,2-Abilene,4258,22,18964
2024,Montgomery,6-Houston,168185,24,692840
2024,Moore,1-Lubbock,6048,28,21446
2024,Morris,4-Tyler,2680,22,12186
2024,Motley,1-Lubbock,199,17,1148
2024,Nacogdoches,5-Beaumont,13161,20,64226
2024,Navarro,3-Arlington,11186,23,47879
2024,Newton,5-Beaumont,2591,19,13447
2024,Nolan,2-Abilene,4041,26,15831
2024,Nueces,11-Edinburg,100190,25,402604
2024,Ochiltree,1-Lubbock,3369,29,11813
2024,Oldham,1-Lubbock,544,24,2236
2024,Orange,5-Beaumont,19861,23,87629
2024,Palo Pinto,3-Arlington,6057,22,27651
2024,Panola,4-Tyler,5949,24,24817
2024,Parker,3-Arlington,33026,23,144207
2024,Parmer,1-Lubbock,2338,27,8783
2024,Pecos,9-Midland,4078,24,16764
2024,Polk,5-Beaumont,9749,19,50597
2024,Potter,1-Lubbock,29365,24,122793
2024,Presidio,10-El Paso,1239,23,5331
2024,Rains,4-Tyler,2269,20,11518
2024,Randall,1-Lubbock,35186,24,147200
2024,Reagan,9-Midland,1261,27,4632
2024,Real,8-San Antonio,744,22,3426
2024,Red River,4-Tyler,2580,21,12405
2024,Reeves,9-Midland,3653,22,16578
2024,Refugio,11-Edinburg,1796,24,7629
2024,Roberts,1-Lubbock,220,22,1003
2024,Robertson,7-Austin,3678,22,16977
2024,Rockwall,3-Arlington,25219,22,113802
2024,Runnels,2-Abilene,2623,23,11259
2024,Rusk,4-Tyler,11158,21,52527
2024,Sabine,5-Beaumont,1798,19,9569
2024,San Augustine,5-Beaumont,1650,20,8225
2024,San Jacinto,5-Beaumont,6712,23,29781
2024,San Patricio,11-Edinburg,18894,25,74186
2024,San Saba,7-Austin,1194,21,5810
2024,Schleicher,9-Midland,829,25,3359
2024,Scurry,2-Abilene,4731,25,19038
2024,Shackelford,2-Abilene,807,23,3437
2024,Shelby,5-Beaumont,6528,26,25389
2024,Sherman,1-Lubbock,852,25,3372
2024,Smith,4-Tyler,58488,24,244705
2024,Somervell,3-Arlington,2058,21,9695
2024,Starr,11-Edinburg,19942,30,65708
2024,Stephens,2-Abilene,2155,23,9560
2024,Sterling,9-Midland,257,20,1282
2024,Stonewall,2-Abilene,304,20,1530
2024,Sutton,9-Midland,1013,23,4466
2024,Swisher,1-Lubbock,1649,23,7257
2024,Tarrant,3-Arlington,556607,24,2285993
2024,Taylor,2-Abilene,34461,24,142360
2024,Terrell,9-Midland,204,19,1057
2024,Terry,1-Lubbock,3517,26,13280
2024,Throckmorton,2-Abilene,310,21,1493
2024,Titus,4-Tyler,8895,27,33010
2024,Tom Green,9-Midland,28989,22,129190
2024,Travis,7-Austin,298284,21,1393318
2024,Trinity,5-Beaumont,2564,18,13998
2024,Tyler,5-Beaumont,4301,20,21139
2024,Upshur,4-Tyler,9220,22,42648
2024,Upton,9-Midland,1072,25,4260
2024,Uvalde,8-San Antonio,7111,25,28917
2024,Val Verde,8-San Antonio,13181,28,47901
2024,Van Zandt,4-Tyler,12817,23,56626
2024,Victoria,8-San Antonio,23792,23,102349
2024,Walker,6-Houston,14210,18,77007
2024,Waller,6-Houston,12014,22,53842
2024,Ward,9-Midland,4450,29,15226
2024,Washington,7-Austin,7756,22,35650
2024,Webb,11-Edinburg,80798,28,285852
2024,Wharton,6-Houston,10382,25,42143
2024,Wheeler,1-Lubbock,1486,25,5901
2024,Wichita,2-Abilene,29105,22,133281
2024,Wilbarger,2-Abilene,2827,22,12772
2024,Willacy,11-Edinburg,5299,24,22020
2024,Williamson,7-Austin,160122,24,674661
2024,Wilson,8-San Antonio,11982,21,55845
2024,Winkler,9-Midland,3242,31,10435
2024,Wise,3-Arlington,15146,22,68481
2024,Wood,4-Tyler,9384,20,46425
2024,Yoakum,1-Lubbock,3126,31,9944
2024,Young,2-Abilene,4529,24,18814
2024,Zapata,11-Edinburg,4500,31,14424
2024,Zavala,8-San Antonio,3986,31,13068
2023,Anderson,4-Tyler,10553,18,58031
2023,Andrews,9-Midland,7853,31,25522
2023,Angelina,5-Beaumont,23074,25,91271
2023,Aransas,11-Edinburg,5633,19,29270
2023,Archer,2-Abilene,1661,20,8228
2023,Armstrong,1-Lubbock,344,18,1950
2023,Atascosa,8-San Antonio,13963,26,54335
2023,Austin,6-Houston,7059,23,30974
2023,Bailey,1-Lubbock,2335,30,7874
2023,Bandera,8-San Antonio,3483,16,21466
2023,Bastrop,7-Austin,21424,24,89909
2023,Baylor,2-Abilene,836,23,3621
2023,Bee,11-Edinburg,7838,22,35184
2023,Bell,7-Austin,105484,29,366458
2023,Bexar,8-San Antonio,559105,25,2214963
2023,Blanco,7-Austin,2137,18,11804
2023,Borden,9-Midland,113,16,700
2023,Bosque,7-Austin,3724,21,17633
2023,Bowie,4-Tyler,18988,21,92377
2023,Brazoria,6-Houston,96445,24,397126
2023,Brazos,7-Austin,52669,22,241769
2023,Brewster,10-El Paso,2058,23,9033
2023,Briscoe,1-Lubbock,301,19,1546
2023,Brooks,11-Edinburg,1836,26,7144
2023,Brown,2-Abilene,8292,21,38996
2023,Burleson,7-Austin,4025,22,17912
2023,Burnet,7-Austin,10787,22,49893
2023,Caldwell,7-Austin,11333,25,46261
2023,Calhoun,8-San Antonio,5731,25,23166
2023,Callahan,2-Abilene,2500,19,13494
2023,Cameron,11-Edinburg,122761,28,432436
2023,Camp,4-Tyler,3337,25,13609
2023,Carson,1-Lubbock,1276,22,5748
2023,Cass,4-Tyler,6628,22,30123
2023,Castro,1-Lubbock,1846,27,6852
2023,Chambers,6-Houston,11577,26,45161
2023,Cherokee,4-Tyler,13064,25,52396
2023,Childress,1-Lubbock,1404,20,7035
2023,Clay,2-Abilene,1814,19,9473
2023,Cochran,1-Lubbock,970,28,3426
2023,Coke,9-Midland,643,20,3199
2023,Coleman,2-Abilene,1948,23,8373
2023,Collin,3-Arlington,268066,24,1131673
2023,Collingsworth,1-Lubbock,877,27,3276
2023,Colorado,6-Houston,5023,24,21376
2023,Comal,8-San Antonio,36094,22,162442
2023,Comanche,2-Abilene,2889,23,12767
2023,Concho,9-Midland,553,13,4160
2023,Cooke,3-Arlington,8950,22,40085
2023,Coryell,7-Austin,19240,24,79516
2023,Cottle,2-Abilene,309,20,1513
2023,Crane,9-Midland,1979,29,6908
2023,Crockett,9-Midland,998,24,4110
2023,Crosby,1-Lubbock,1680,26,6582
2023,Culberson,10-El Paso,431,20,2191
2023,Dallam,1-Lubbock,2331,31,7414
2023,Dallas,3-Arlington,749657,26,2845619
2023,Dawson,9-Midland,3280,24,13528
2023,DeWitt,8-San Antonio,4838,22,22238
2023,Deaf Smith,1-Lubbock,5360,30,17865
2023,Delta,4-Tyler,1124,21,5382
2023,Denton,3-Arlington,219793,22,984554
2023,Dickens,1-Lubbock,294,14,2101
2023,Dimmit,8-San Antonio,3726,30,12426
2023,Donley,1-Lubbock,666,20,3325
2023,Duval,11-Edinburg,3041,26,11698
2023,Eastland,2-Abilene,3963,22,18022
2023,Ector,9-Midland,59209,29,203192
2023,Edwards,8-San Antonio,392,20,1953
2023,El Paso,10-El Paso,246183,27,896675
2023,Ellis,3-Arlington,46242,25,187001
2023,Erath,3-Arlington,9032,21,42775
2023,Falls,7-Austin,3239,20,16285
2023,Fannin,3-Arlington,6881,20,34753
2023,Fayette,7-Austin,6090,23,26642
2023,Fisher,2-Abilene,847,21,3980
2023,Floyd,1-Lubbock,1368,24,5645
2023,Foard,2-Abilene,249,20,1234
2023,Fort Bend,6-Houston,227390,24,936811
2023,Franklin,4-Tyler,2778,25,10996
2023,Freestone,7-Austin,4413,22,19844
2023,Frio,8-San Antonio,4920,23,20965
2023,Gaines,9-Midland,7697,33,23668
2023,Galveston,6-Houston,90279,24,376165
2023,Garza,1-Lubbock,1423,21,6882
2023,Gillespie,8-San Antonio,5160,19,26721
2023,Glasscock,9-Midland,299,21,1412
2023,Goliad,8-San Antonio,1555,20,7886
2023,Gonzales,8-San Antonio,5701,26,21790
2023,Gray,1-Lubbock,6162,25,24942
2023,Grayson,3-Arlington,31239,23,134751
2023,Gregg,4-Tyler,31710,25,126594
2023,Grimes,7-Austin,6504,22,29553
2023,Guadalupe,8-San Antonio,45208,25,184455
2023,Hale,1-Lubbock,8653,27,32291
2023,Hall,1-Lubbock,781,24,3298
2023,Hamilton,7-Austin,1902,23,8200
2023,Hansford,1-Lubbock,1627,27,5926
2023,Hardeman,2-Abilene,939,25,3832
2023,Hardin,5-Beaumont,12144,21,56932
2023,Harris,6-Houston,1386883,26,5258527
2023,Harrison,4-Tyler,17571,25,68931
2023,Hartley,1-Lubbock,1189,19,6119
2023,Haskell,2-Abilene,1292,20,6330
2023,Hays,7-Austin,58015,22,263970
2023,Hemphill,1-Lubbock,1604,32,5031
2023,Henderson,4-Tyler,16854,21,81679
2023,Hidalgo,11-Edinburg,256879,29,897703
2023,Hill,7-Austin,8454,24,35666
2023,Hockley,1-Lubbock,6668,27,25129
2023,Hood,3-Arlington,12137,20,60915
2023,Hopkins,4-Tyler,8613,23,37472
2023,Houston,5-Beaumont,4517,20,22321
2023,Howard,9-Midland,10183,23,43463
2023,Hudspeth,10-El Paso,683,20,3404
2023,Hunt,3-Arlington,22709,23,98269
2023,Hutchinson,1-Lubbock,5275,25,21372
2023,Irion,9-Midland,254,17,1503
2023,Jack,2-Abilene,1952,22,8793
2023,Jackson,8-San Antonio,4340,26,16469
2023,Jasper,5-Beaumont,8095,23,35288
2023,Jeff Davis,10-El Paso,332,16,2054
2023,Jefferson,5-Beaumont,60861,23,260138
2023,Jim Hogg,11-Edinburg,1457,29,4997
2023,Jim Wells,11-Edinburg,12328,28,43372
2023,Johnson,3-Arlington,44988,25,178297
2023,Jones,2-Abilene,3187,16,19626
2023,Karnes,8-San Antonio,3525,23,15658
2023,Kaufman,3-Arlington,32846,25,132834
2023,Kendall,8-San Antonio,11526,22,51591
2023,Kenedy,11-Edinburg,111,23,490
2023,Kent,2-Abilene,156,19,803
2023,Kerr,8-San Antonio,10597,20,53104
2023,Kimble,9-Midland,813,19,4245
2023,King,1-Lubbock,54,17,320
2023,Kinney,8-San Antonio,724,21,3453
2023,Kleberg,11-Edinburg,6714,22,30792
2023,Knox,2-Abilene,1013,25,4017
2023,La Salle,8-San Antonio,1772,20,8825
2023,Lamar,4-Tyler,11193,22,49897
2023,Lamb,1-Lubbock,3157,25,12440
2023,Lampasas,7-Austin,4506,21,21467
2023,Lavaca,8-San Antonio,5319,25,21426
2023,Lee,7-Austin,4312,24,17881
2023,Leon,7-Austin,4150,23,18006
2023,Liberty,6-Houston,22003,25,88390
2023,Limestone,7-Austin,5189,22,23579
2023,Lipscomb,1-Lubbock,945,25,3773
2023,Live Oak,11-Edinburg,2604,21,12187
2023,Llano,7-Austin,3303,17,19515
2023,Loving,9-Midland,14,15,93
2023,Lubbock,1-Lubbock,78051,24,331479
2023,Lynn,1-Lubbock,1285,23,5498
2023,Madison,7-Austin,3450,23,14868
2023,Marion,4-Tyler,1962,19,10129
2023,Martin,9-Midland,1813,28,6507
2023,Mason,9-Midland,783,20,3907
2023,Matagorda,6-Houston,9039,24,37013
2023,Maverick,8-San Antonio,18027,29,61567
2023,McCulloch,9-Midland,1949,22,8761
2023,McLennan,7-Austin,65382,25,258302
2023,McMullen,11-Edinburg,132,17,787
2023,Medina,8-San Antonio,11632,22,52122
2023,Menard,9-Midland,425,19,2181
2023,Midland,9-Midland,58660,28,208108
2023,Milam,7-Austin,5820,24,24589
2023,Mills,7-Austin,1062,22,4843
2023,Mitchell,2-Abilene,1975,20,10004
2023,Montague,2-Abilene,4243,22,19038
2023,Montgomery,6-Houston,163966,24,672131
2023,Moore,1-Lubbock,6110,28,21492
2023,Morris,4-Tyler,2716,22,12262
2023,Motley,1-Lubbock,198,17,1155
2023,Nacogdoches,5-Beaumont,13237,21,64255
2023,Navarro,3-Arlington,11255,23,47930
2023,Newton,5-Beaumont,2596,19,13522
2023,Nolan,2-Abilene,4034,26,15791
2023,Nueces,11-Edinburg,99120,25,397902
2023,Ochiltree,1-Lubbock,3356,29,11673
2023,Oldham,1-Lubbock,539,24,2225
2023,Orange,5-Beaumont,19810,23,87289
2023,Palo Pinto,3-Arlington,6095,22,27728
2023,Panola,4-Tyler,5942,24,24758
2023,Parker,3-Arlington,32461,23,142025
2023,Parmer,1-Lubbock,2395,27,8902
2023,Pecos,9-Midland,4077,24,16714
2023,Polk,5-Beaumont,9711,19,50249
2023,Potter,1-Lubbock,29734,24,122803
2023,Presidio,10-El Paso,1279,23,5471
2023,Rains,4-Tyler,2258,20,11488
2023,Randall,1-Lubbock,34716,24,144824
2023,Reagan,9-Midland,1235,27,4526
2023,Real,8-San Antonio,735,21,3425
2023,Red River,4-Tyler,2592,21,12469
2023,Reeves,9-Midland,3588,22,16363
2023,Refugio,11-Edinburg,1770,23,7609
2023,Roberts,1-Lubbock,218,22,997
2023,Robertson,7-Austin,3708,22,16952
2023,Rockwall,3-Arlington,24871,22,110757
2023,Runnels,2-Abilene,2614,23,11200
2023,Rusk,4-Tyler,11219,21,52584
2023,Sabine,5-Beaumont,1826,19,9660
2023,San Augustine,5-Beaumont,1646,20,8281
2023,San Jacinto,5-Beaumont,6621,22,29559
2023,San Patricio,11-Edinburg,18698,25,73464
2023,San Saba,7-Austin,1189,20,5830
2023,Schleicher,9-Midland,831,25,3346
2023,Scurry,2-Abilene,4738,25,18877
2023,Shackelford,2-Abilene,801,23,3429
2023,Shelby,5-Beaumont,6568,26,25449
2023,Sherman,1-Lubbock,851,25,3350
2023,Smith,4-Tyler,58187,24,242371
2023,Somervell,3-Arlington,2030,21,9591
2023,Starr,11-Edinburg,19961,30,65498
2023,Stephens,2-Abilene,2158,23,9557
2023,Sterling,9-Midland,258,20,1275
2023,Stonewall,2-Abilene,304,20,1530
2023,Sutton,9-Midland,1005,23,4449
2023,Swisher,1-Lubbock,1678,23,7295
2023,Tarrant,3-Arlington,552414,25,2249878
2023,Taylor,2-Abilene,34484,24,141675
2023,Terrell,9-Midland,206,19,1057
2023,Terry,1-Lubbock,3511,27,13220
2023,Throckmorton,2-Abilene,310,21,1500
2023,Titus,4-Tyler,8978,27,33009
2023,Tom Green,9-Midland,28766,23,127703
2023,Travis,7-Austin,295952,22,1368139
2023,Trinity,5-Beaumont,2615,19,14063
2023,Tyler,5-Beaumont,4293,20,21214
2023,Upshur,4-Tyler,9217,22,42416
2023,Upton,9-Midland,1052,25,4184
2023,Uvalde,8-San Antonio,7070,25,28659
2023,Val Verde,8-San Antonio,13278,28,48025
2023,Van Zandt,4-Tyler,12722,23,56353
2023,Victoria,8-San Antonio,23634,23,101205
2023,Walker,6-Houston,13927,18,76250
2023,Waller,6-Houston,11903,22,53060
2023,Ward,9-Midland,4319,29,14798
2023,Washington,7-Austin,7739,22,35536
2023,Webb,11-Edinburg,80830,29,283493
2023,Wharton,6-Houston,10412,25,42092
2023,Wheeler,1-Lubbock,1480,25,5869
2023,Wichita,2-Abilene,29276,22,133295
2023,Wilbarger,2-Abilene,2864,22,12838
2023,Willacy,11-Edinburg,5310,24,22053
2023,Williamson,7-Austin,156533,24,652186
2023,Wilson,8-San Antonio,11797,22,54807
2023,Winkler,9-Midland,3167,31,10146
2023,Wise,3-Arlington,15074,22,67825
2023,Wood,4-Tyler,9258,20,46166
2023,Yoakum,1-Lubbock,3069,31,9763
2023,Young,2-Abilene,4492,24,18779
2023,Zapata,11-Edinburg,4517,31,14428
2023,Zavala,8-San Antonio,3986,31,12978
2022,Anderson,4-Tyler,10633,18,58094
2022,Andrews,9-Midland,7531,31,24369
2022,Angelina,5-Beaumont,23087,25,91022
2022,Aransas,11-Edinburg,5512,19,28757
2022,Archer,2-Abilene,1675,20,8264
2022,Armstrong,1-Lubbock,348,18,1947
2022,Atascosa,8-San Antonio,13817,26,53493
2022,Austin,6-Houston,6998,23,30805
2022,Bailey,1-Lubbock,2339,30,7810
2022,Bandera,8-San Antonio,3450,16,21389
2022,Bastrop,7-Austin,21221,24,88616
2022,Baylor,2-Abilene,829,23,3617
2022,Bee,11-Edinburg,7741,22,34943
2022,Bell,7-Austin,104696,29,362136
2022,Bexar,8-San Antonio,550297,25,2174191
2022,Blanco,7-Austin,2110,18,11694
2022,Borden,9-Midland,114,16,698
2022,Bosque,7-Austin,3729,21,17682
2022,Bowie,4-Tyler,19213,21,92441
2022,Brazoria,6-Houston,95606,25,389844
2022,Brazos,7-Austin,52008,22,237611
2022,Brewster,10-El Paso,2043,23,9067
2022,Briscoe,1-Lubbock,305,20,1556
2022,Brooks,11-Edinburg,1845,26,7153
2022,Brown,2-Abilene,8328,21,38984
2022,Burleson,7-Austin,4018,23,17841
2022,Burnet,7-Austin,10643,22,49329
2022,Caldwell,7-Austin,11267,25,45617
2022,Calhoun,8-San Antonio,5687,25,23065
2022,Callahan,2-Abilene,2516,19,13478
2022,Cameron,11-Edinburg,123437,29,431026
2022,Camp,4-Tyler,3329,25,13515
2022,Carson,1-Lubbock,1295,22,5768
2022,Cass,4-Tyler,6658,22,30203
2022,Castro,1-Lubbock,1869,27,6938
2022,Chambers,6-Houston,11327,26,44194
2022,Cherokee,4-Tyler,13109,25,52350
2022,Childress,1-Lubbock,1413,20,7045
2022,Clay,2-Abilene,1849,19,9584
2022,Cochran,1-Lubbock,969,28,3402
2022,Coke,9-Midland,622,19,3201
2022,Coleman,2-Abilene,1948,23,8406
2022,Collin,3-Arlington,264420,24,1099759
2022,Collingsworth,1-Lubbock,876,27,3255
2022,Colorado,6-Houston,4991,23,21353
2022,Comal,8-San Antonio,34813,22,157195
2022,Comanche,2-Abilene,2924,23,12878
2022,Concho,9-Midland,579,14,4153
2022,Cooke,3-Arlington,8948,22,39967
2022,Coryell,7-Austin,19340,24,79108
2022,Cottle,2-Abilene,300,20,1510
2022,Crane,9-Midland,1922,29,6667
2022,Crockett,9-Midland,998,24,4088
2022,Crosby,1-Lubbock,1672,26,6547
2022,Culberson,10-El Paso,435,20,2212
2022,Dallam,1-Lubbock,2287,31,7353
2022,Dallas,3-Arlington,742965,26,2808441
2022,Dawson,9-Midland,3273,24,13543
2022,DeWitt,8-San Antonio,4779,22,22078
2022,Deaf Smith,1-Lubbock,5387,30,17955
2022,Delta,4-Tyler,1118,21,5375
2022,Denton,3-Arlington,216541,23,954471
2022,Dickens,1-Lubbock,304,14,2126
2022,Dimmit,8-San Antonio,3654,30,12197
2022,Donley,1-Lubbock,665,20,3357
2022,Duval,11-Edinburg,3076,26,11727
2022,Eastland,2-Abilene,3982,22,18087
2022,Ector,9-Midland,57625,29,196837
2022,Edwards,8-San Antonio,397,20,1965
2022,El Paso,10-El Paso,244894,28,890020
2022,Ellis,3-Arlington,45732,25,183842
2022,Erath,3-Arlington,8977,21,42363
2022,Falls,7-Austin,3256,20,16390
2022,Fannin,3-Arlington,6930,20,34720
2022,Fayette,7-Austin,6003,23,26452
2022,Fisher,2-Abilene,841,21,3979
2022,Floyd,1-Lubbock,1398,25,5687
2022,Foard,2-Abilene,246,20,1232
2022,Fort Bend,6-Houston,221227,24,903484
2022,Franklin,4-Tyler,2794,25,10977
2022,Freestone,7-Austin,4406,22,19860
2022,Frio,8-San Antonio,4846,23,20640
2022,Gaines,9-Midland,7570,33,23150
2022,Galveston,6-Houston,88663,24,369095
2022,Garza,1-Lubbock,1413,21,6850
2022,Gillespie,8-San Antonio,5097,19,26535
2022,Glasscock,9-Midland,302,22,1394
2022,Goliad,8-San Antonio,1548,20,7825
2022,Gonzales,8-San Antonio,5648,26,21636
2022,Gray,1-Lubbock,6167,25,24695
2022,Grayson,3-Arlington,31113,23,133761
2022,Gregg,4-Tyler,31795,25,126321
2022,Grimes,7-Austin,6447,22,29344
2022,Guadalupe,8-San Antonio,44191,25,179600
2022,Hale,1-Lubbock,8775,27,32583
2022,Hall,1-Lubbock,778,24,3302
2022,Hamilton,7-Austin,1867,23,8200
2022,Hansford,1-Lubbock,1637,28,5890
2022,Hardeman,2-Abilene,936,24,3845
2022,Hardin,5-Beaumont,12317,22,56792
2022,Harris,6-Houston,1368422,27,5164809
2022,Harrison,4-Tyler,17519,25,68736
2022,Hartley,1-Lubbock,1190,20,6092
2022,Haskell,2-Abilene,1278,20,6289
2022,Hays,7-Austin,56171,22,253894
2022,Hemphill,1-Lubbock,1549,32,4892
2022,Henderson,4-Tyler,16894,21,81548
2022,Hidalgo,11-Edinburg,257379,29,888655
2022,Hill,7-Austin,8475,24,35683
2022,Hockley,1-Lubbock,6614,27,24959
2022,Hood,3-Arlington,11986,20,60158
2022,Hopkins,4-Tyler,8598,23,37334
2022,Houston,5-Beaumont,4532,20,22433
2022,Howard,9-Midland,10012,23,42702
2022,Hudspeth,10-El Paso,692,20,3406
2022,Hunt,3-Arlington,22393,23,97277
2022,Hutchinson,1-Lubbock,5313,25,21396
2022,Irion,9-Midland,252,17,1506
2022,Jack,2-Abilene,1947,22,8820
2022,Jackson,8-San Antonio,4270,26,16293
2022,Jasper,5-Beaumont,8168,23,35374
2022,Jeff Davis,10-El Paso,330,16,2076
2022,Jefferson,5-Beaumont,60846,23,259733
2022,Jim Hogg,11-Edinburg,1450,29,5026
2022,Jim Wells,11-Edinburg,12257,28,43229
2022,Johnson,3-Arlington,44570,25,176087
2022,Jones,2-Abilene,3199,16,19666
2022,Karnes,8-San Antonio,3442,22,15560
2022,Kaufman,3-Arlington,32383,25,130210
2022,Kendall,8-San Antonio,11107,22,49720
2022,Kenedy,11-Edinburg,109,22,487
2022,Kent,2-Abilene,151,19,800
2022,Kerr,8-San Antonio,10533,20,52830
2022,Kimble,9-Midland,809,19,4277
2022,King,1-Lubbock,53,17,317
2022,Kinney,8-San Antonio,713,21,3453
2022,Kleberg,11-Edinburg,6773,22,30857
2022,Knox,2-Abilene,1018,26,3987
2022,La Salle,8-San Antonio,1729,20,8651
2022,Lamar,4-Tyler,11275,23,49957
2022,Lamb,1-Lubbock,3204,26,12556
2022,Lampasas,7-Austin,4509,21,21331
2022,Lavaca,8-San Antonio,5220,25,21191
2022,Lee,7-Austin,4269,24,17787
2022,Leon,7-Austin,4087,23,17905
2022,Liberty,6-Houston,21672,25,87353
2022,Limestone,7-Austin,5188,22,23574
2022,Lipscomb,1-Lubbock,922,25,3733
2022,Live Oak,11-Edinburg,2556,21,12132
2022,Llano,7-Austin,3247,17,19503
2022,Loving,9-Midland,14,15,93
2022,Lubbock,1-Lubbock,77112,24,326611
2022,Lynn,1-Lubbock,1303,24,5534
2022,Madison,7-Austin,3386,23,14754
2022,Marion,4-Tyler,1961,19,10199
2022,Martin,9-Midland,1768,28,6349
2022,Mason,9-Midland,776,20,3905
2022,Matagorda,6-Houston,9047,24,37032
2022,Maverick,8-San Antonio,18002,30,61027
2022,McCulloch,9-Midland,1947,22,8738
2022,McLennan,7-Austin,64930,25,256604
2022,McMullen,11-Edinburg,132,17,787
2022,Medina,8-San Antonio,11548,22,51621
2022,Menard,9-Midland,429,20,2185
2022,Midland,9-Midland,56560,28,200890
2022,Milam,7-Austin,5874,24,24627
2022,Mills,7-Austin,1049,22,4847
2022,Mitchell,2-Abilene,1926,19,9943
2022,Montague,2-Abilene,4247,22,19099
2022,Montgomery,6-Houston,159897,25,652082
2022,Moore,1-Lubbock,6198,29,21510
2022,Morris,4-Tyler,2711,22,12328
2022,Motley,1-Lubbock,206,18,1162
2022,Nacogdoches,5-Beaumont,13319,21,64248
2022,Navarro,3-Arlington,11331,24,47962
2022,Newton,5-Beaumont,2598,19,13598
2022,Nolan,2-Abilene,4035,26,15734
2022,Nueces,11-Edinburg,97946,25,393190
2022,Ochiltree,1-Lubbock,3348,29,11553
2022,Oldham,1-Lubbock,544,25,2217
2022,Orange,5-Beaumont,19740,23,86913
2022,Palo Pinto,3-Arlington,6142,22,27777
2022,Panola,4-Tyler,5944,24,24714
2022,Parker,3-Arlington,31979,23,139853
2022,Parmer,1-Lubbock,2453,27,9004
2022,Pecos,9-Midland,4071,24,16658
2022,Polk,5-Beaumont,9615,19,49862
2022,Potter,1-Lubbock,30097,25,122799
2022,Presidio,10-El Paso,1323,24,5609
2022,Rains,4-Tyler,2235,20,11455
2022,Randall,1-Lubbock,34244,24,142506
2022,Reagan,9-Midland,1201,27,4425
2022,Real,8-San Antonio,710,21,3421
2022,Red River,4-Tyler,2583,21,12515
2022,Reeves,9-Midland,3506,22,16150
2022,Refugio,11-Edinburg,1752,23,7603
2022,Roberts,1-Lubbock,223,22,994
2022,Robertson,7-Austin,3696,22,16936
2022,Rockwall,3-Arlington,24623,23,107826
2022,Runnels,2-Abilene,2595,23,11137
2022,Rusk,4-Tyler,11307,21,52648
2022,Sabine,5-Beaumont,1839,19,9752
2022,San Augustine,5-Beaumont,1635,20,8314
2022,San Jacinto,5-Beaumont,6540,22,29330
2022,San Patricio,11-Edinburg,18618,26,72760
2022,San Saba,7-Austin,1180,20,5845
2022,Schleicher,9-Midland,841,25,3336
2022,Scurry,2-Abilene,4720,25,18701
2022,Shackelford,2-Abilene,800,23,3423
2022,Shelby,5-Beaumont,6595,26,25493
2022,Sherman,1-Lubbock,856,26,3326
2022,Smith,4-Tyler,57748,24,239994
2022,Somervell,3-Arlington,1994,21,9482
2022,Starr,11-Edinburg,19960,31,65276
2022,Stephens,2-Abilene,2157,23,9568
2022,Sterling,9-Midland,256,20,1269
2022,Stonewall,2-Abilene,300,20,1525
2022,Sutton,9-Midland,1001,23,4431
2022,Swisher,1-Lubbock,1723,24,7328
2022,Tarrant,3-Arlington,548523,25,2214148
2022,Taylor,2-Abilene,34498,24,140957
2022,Terrell,9-Midland,210,20,1058
2022,Terry,1-Lubbock,3487,26,13161
2022,Throckmorton,2-Abilene,313,21,1506
2022,Titus,4-Tyler,9011,27,33005
2022,Tom Green,9-Midland,28606,23,126243
2022,Travis,7-Austin,293347,22,1342801
2022,Trinity,5-Beaumont,2627,19,14122
2022,Tyler,5-Beaumont,4312,20,21278
2022,Upshur,4-Tyler,9184,22,42145
2022,Upton,9-Midland,1060,26,4127
2022,Uvalde,8-San Antonio,7019,25,28411
2022,Val Verde,8-San Antonio,13393,28,48098
2022,Van Zandt,4-Tyler,12616,23,56056
2022,Victoria,8-San Antonio,23463,23,100022
2022,Walker,6-Houston,13658,18,75503
2022,Waller,6-Houston,11778,23,52280
2022,Ward,9-Midland,4197,29,14383
2022,Washington,7-Austin,7732,22,35421
2022,Webb,11-Edinburg,81077,29,281099
2022,Wharton,6-Houston,10469,25,42045
2022,Wheeler,1-Lubbock,1485,25,5841
2022,Wichita,2-Abilene,29370,22,133297
2022,Wilbarger,2-Abilene,2884,22,12913
2022,Willacy,11-Edinburg,5355,24,22089
2022,Williamson,7-Austin,153239,24,630580
2022,Wilson,8-San Antonio,11663,22,53799
2022,Winkler,9-Midland,3052,31,9854
2022,Wise,3-Arlington,14972,22,67160
2022,Wood,4-Tyler,9141,20,45896
2022,Yoakum,1-Lubbock,3018,32,9579
2022,Young,2-Abilene,4445,24,18760
2022,Zapata,11-Edinburg,4574,32,14430
2022,Zavala,8-San Antonio,3975,31,12879
2022,All Counties,All Regions,,,7675490
2021,Anderson,4-Tyler,10671,18,58162
2021,Andrews,9-Midland,7199,31,23290
2021,Angelina,5-Beaumont,23086,25,90739
2021,Aransas,11-Edinburg,5399,19,28232
2021,Archer,2-Abilene,1690,20,8303
2021,Armstrong,1-Lubbock,339,17,1946
2021,Atascosa,8-San Antonio,13613,26,52646
2021,Austin,6-Houston,6937,23,30609
2021,Bailey,1-Lubbock,2325,30,7749
2021,Bandera,8-San Antonio,3416,16,21318
2021,Bastrop,7-Austin,20992,24,87351
2021,Baylor,2-Abilene,818,23,3620
2021,Bee,11-Edinburg,7652,22,34694
2021,Bell,7-Austin,103803,29,357856
2021,Bexar,8-San Antonio,541891,25,2133664
2021,Blanco,7-Austin,2124,18,11609
2021,Borden,9-Midland,116,17,692
2021,Bosque,7-Austin,3726,21,17729
2021,Bowie,4-Tyler,19426,21,92534
2021,Brazoria,6-Houston,94898,25,382793
2021,Brazos,7-Austin,51198,22,233503
2021,Brewster,10-El Paso,2039,22,9100
2021,Briscoe,1-Lubbock,303,19,1563
2021,Brooks,11-Edinburg,1849,26,7160
2021,Brown,2-Abilene,8380,22,38962
2021,Burleson,7-Austin,4025,23,17782
2021,Burnet,7-Austin,10486,22,48769
2021,Caldwell,7-Austin,11122,25,44960
2021,Calhoun,8-San Antonio,5687,25,22948
2021,Callahan,2-Abilene,2559,19,13465
2021,Cameron,11-Edinburg,124113,29,429514
2021,Camp,4-Tyler,3327,25,13411
2021,Carson,1-Lubbock,1308,23,5787
2021,Cass,4-Tyler,6680,22,30269
2021,Castro,1-Lubbock,1904,27,7024
2021,Chambers,6-Houston,11086,26,43243
2021,Cherokee,4-Tyler,13135,25,52263
2021,Childress,1-Lubbock,1404,20,7053
2021,Clay,2-Abilene,1884,19,9693
2021,Cochran,1-Lubbock,971,29,3371
2021,Coke,9-Midland,607,19,3205
2021,Coleman,2-Abilene,1946,23,8443
2021,Collin,3-Arlington,261282,24,1069017
2021,Collingsworth,1-Lubbock,856,27,3227
2021,Colorado,6-Houston,4976,23,21318
2021,Comal,8-San Antonio,33681,22,152183
2021,Comanche,2-Abilene,2941,23,12980
2021,Concho,9-Midland,571,14,4149
2021,Cooke,3-Arlington,8953,22,39847
2021,Coryell,7-Austin,19439,25,78703
2021,Cottle,2-Abilene,299,20,1507
2021,Crane,9-Midland,1857,29,6434
2021,Crockett,9-Midland,1008,25,4071
2021,Crosby,1-Lubbock,1677,26,6509
2021,Culberson,10-El Paso,440,20,2229
2021,Dallam,1-Lubbock,2275,31,7301
2021,Dallas,3-Arlington,735723,27,2771223
2021,Dawson,9-Midland,3259,24,13567
2021,DeWitt,8-San Antonio,4753,22,21907
2021,Deaf Smith,1-Lubbock,5440,30,18043
2021,Delta,4-Tyler,1114,21,5370
2021,Denton,3-Arlington,213635,23,925643
2021,Dickens,1-Lubbock,311,14,2149
2021,Dimmit,8-San Antonio,3582,30,11974
2021,Donley,1-Lubbock,672,20,3386
2021,Duval,11-Edinburg,3074,26,11771
2021,Eastland,2-Abilene,4015,22,18149
2021,Ector,9-Midland,56087,29,190713
2021,Edwards,8-San Antonio,399,20,1979
2021,El Paso,10-El Paso,243497,28,883160
2021,Ellis,3-Arlington,45207,25,180752
2021,Erath,3-Arlington,8952,21,41950
2021,Falls,7-Austin,3292,20,16493
2021,Fannin,3-Arlington,6960,20,34671
2021,Fayette,7-Austin,5880,22,26272
2021,Fisher,2-Abilene,837,21,3980
2021,Floyd,1-Lubbock,1420,25,5743
2021,Foard,2-Abilene,245,20,1238
2021,Fort Bend,6-Houston,215847,25,871351
2021,Franklin,4-Tyler,2801,26,10954
2021,Freestone,7-Austin,4393,22,19865
2021,Frio,8-San Antonio,4741,23,20327
2021,Gaines,9-Midland,7456,33,22628
2021,Galveston,6-Houston,87277,24,362099
2021,Garza,1-Lubbock,1400,21,6820
2021,Gillespie,8-San Antonio,5068,19,26361
2021,Glasscock,9-Midland,297,22,1380
2021,Goliad,8-San Antonio,1536,20,7768
2021,Gonzales,8-San Antonio,5618,26,21488
2021,Gray,1-Lubbock,6105,25,24456
2021,Grayson,3-Arlington,30898,23,132740
2021,Gregg,4-Tyler,31835,25,126034
2021,Grimes,7-Austin,6410,22,29128
2021,Guadalupe,8-San Antonio,43104,25,174869
2021,Hale,1-Lubbock,8933,27,32901
2021,Hall,1-Lubbock,774,23,3303
2021,Hamilton,7-Austin,1849,23,8210
2021,Hansford,1-Lubbock,1641,28,5855
2021,Hardeman,2-Abilene,942,24,3854
2021,Hardin,5-Beaumont,12395,22,56626
2021,Harris,6-Houston,1349783,27,5071573
2021,Harrison,4-Tyler,17476,26,68492
2021,Hartley,1-Lubbock,1188,20,6082
2021,Haskell,2-Abilene,1255,20,6237
2021,Hays,7-Austin,54406,22,244221
2021,Hemphill,1-Lubbock,1493,31,4761
2021,Henderson,4-Tyler,16914,21,81369
2021,Hidalgo,11-Edinburg,257655,29,879547
2021,Hill,7-Austin,8461,24,35678
2021,Hockley,1-Lubbock,6559,26,24799
2021,Hood,3-Arlington,11834,20,59402
2021,Hopkins,4-Tyler,8637,23,37194
2021,Houston,5-Beaumont,4539,20,22531
2021,Howard,9-Midland,9776,23,41941
2021,Hudspeth,10-El Paso,708,21,3403
2021,Hunt,3-Arlington,22125,23,96303
2021,Hutchinson,1-Lubbock,5313,25,21424
2021,Irion,9-Midland,257,17,1509
2021,Jack,2-Abilene,1932,22,8830
2021,Jackson,8-San Antonio,4211,26,16099
2021,Jasper,5-Beaumont,8248,23,35456
2021,Jeff Davis,10-El Paso,329,16,2092
2021,Jefferson,5-Beaumont,60613,23,259249
2021,Jim Hogg,11-Edinburg,1466,29,5053
2021,Jim Wells,11-Edinburg,12171,28,43074
2021,Johnson,3-Arlington,44085,25,173888
2021,Jones,2-Abilene,3211,16,19702
2021,Karnes,8-San Antonio,3378,22,15466
2021,Kaufman,3-Arlington,31993,25,127644
2021,Kendall,8-San Antonio,10696,22,47967
2021,Kenedy,11-Edinburg,105,22,483
2021,Kent,2-Abilene,151,19,798
2021,Kerr,8-San Antonio,10440,20,52544
2021,Kimble,9-Midland,804,19,4309
2021,King,1-Lubbock,52,17,313
2021,Kinney,8-San Antonio,710,21,3458
2021,Kleberg,11-Edinburg,6850,22,30910
2021,Knox,2-Abilene,999,25,3960
2021,La Salle,8-San Antonio,1688,20,8479
2021,Lamar,4-Tyler,11287,23,50009
2021,Lamb,1-Lubbock,3249,26,12672
2021,Lampasas,7-Austin,4485,21,21193
2021,Lavaca,8-San Antonio,5133,24,20958
2021,Lee,7-Austin,4254,24,17691
2021,Leon,7-Austin,4022,23,17805
2021,Liberty,6-Houston,21368,25,86326
2021,Limestone,7-Austin,5200,22,23559
2021,Lipscomb,1-Lubbock,928,25,3694
2021,Live Oak,11-Edinburg,2502,21,12081
2021,Llano,7-Austin,3194,16,19481
2021,Loving,9-Midland,14,15,93
2021,Lubbock,1-Lubbock,76238,24,321818
2021,Lynn,1-Lubbock,1322,24,5562
2021,Madison,7-Austin,3325,23,14636
2021,Marion,4-Tyler,1946,19,10255
2021,Martin,9-Midland,1720,28,6195
2021,Mason,9-Midland,763,20,3900
2021,Matagorda,6-Houston,9022,24,37055
2021,Maverick,8-San Antonio,17942,30,60484
2021,McCulloch,9-Midland,1936,22,8700
2021,McLennan,7-Austin,64638,25,254824
2021,McMullen,11-Edinburg,127,16,787
2021,Medina,8-San Antonio,11477,22,51121
2021,Menard,9-Midland,424,19,2185
2021,Midland,9-Midland,54506,28,193981
2021,Milam,7-Austin,5898,24,24634
2021,Mills,7-Austin,1044,21,4863
2021,Mitchell,2-Abilene,1914,19,9895
2021,Montague,2-Abilene,4257,22,19154
2021,Montgomery,6-Houston,156149,25,632702
2021,Moore,1-Lubbock,6248,29,21543
2021,Morris,4-Tyler,2758,22,12393
2021,Motley,1-Lubbock,205,18,1165
2021,Nacogdoches,5-Beaumont,13391,21,64181
2021,Navarro,3-Arlington,11399,24,47962
2021,Newton,5-Beaumont,2596,19,13654
2021,Nolan,2-Abilene,4042,26,15689
2021,Nueces,11-Edinburg,96674,25,388438
2021,Ochiltree,1-Lubbock,3363,29,11431
2021,Oldham,1-Lubbock,554,25,2210
2021,Orange,5-Beaumont,19723,23,86539
2021,Palo Pinto,3-Arlington,6145,22,27815
2021,Panola,4-Tyler,5947,24,24647
2021,Parker,3-Arlington,31482,23,137707
2021,Parmer,1-Lubbock,2502,28,9097
2021,Pecos,9-Midland,4064,24,16598
2021,Polk,5-Beaumont,9580,19,49480
2021,Potter,1-Lubbock,30481,25,122765
2021,Presidio,10-El Paso,1376,24,5758
2021,Rains,4-Tyler,2215,19,11425
2021,Randall,1-Lubbock,33732,24,140273
2021,Reagan,9-Midland,1179,27,4326
2021,Real,8-San Antonio,697,20,3415
2021,Red River,4-Tyler,2577,21,12565
2021,Reeves,9-Midland,3464,22,15931
2021,Refugio,11-Edinburg,1730,23,7589
2021,Roberts,1-Lubbock,224,23,991
2021,Robertson,7-Austin,3691,22,16924
2021,Rockwall,3-Arlington,24473,23,104969
2021,Runnels,2-Abilene,2590,23,11072
2021,Rusk,4-Tyler,11309,21,52713
2021,Sabine,5-Beaumont,1833,19,9840
2021,San Augustine,5-Beaumont,1635,20,8365
2021,San Jacinto,5-Beaumont,6455,22,29085
2021,San Patricio,11-Edinburg,18486,26,72040
2021,San Saba,7-Austin,1183,20,5856
2021,Schleicher,9-Midland,834,25,3325
2021,Scurry,2-Abilene,4668,25,18541
2021,Shackelford,2-Abilene,781,23,3414
2021,Shelby,5-Beaumont,6640,26,25537
2021,Sherman,1-Lubbock,856,26,3299
2021,Smith,4-Tyler,57514,24,237577
2021,Somervell,3-Arlington,1970,21,9388
2021,Starr,11-Edinburg,19929,31,65010
2021,Stephens,2-Abilene,2185,23,9570
2021,Sterling,9-Midland,260,21,1257
2021,Stonewall,2-Abilene,308,20,1524
2021,Sutton,9-Midland,1000,23,4406
2021,Swisher,1-Lubbock,1750,24,7365
2021,Tarrant,3-Arlington,545169,25,2178720
2021,Taylor,2-Abilene,34395,25,140207
2021,Terrell,9-Midland,210,20,1057
2021,Terry,1-Lubbock,3480,27,13096
2021,Throckmorton,2-Abilene,307,20,1513
2021,Titus,4-Tyler,9083,28,32989
2021,Tom Green,9-Midland,28400,23,124765
2021,Travis,7-Austin,290389,22,1317306
2021,Trinity,5-Beaumont,2633,19,14183
2021,Tyler,5-Beaumont,4265,20,21313
2021,Upshur,4-Tyler,9137,22,41899
2021,Upton,9-Midland,1063,26,4056
2021,Uvalde,8-San Antonio,6999,25,28166
2021,Val Verde,8-San Antonio,13469,28,48180
2021,Van Zandt,4-Tyler,12531,22,55778
2021,Victoria,8-San Antonio,23279,24,98869
2021,Walker,6-Houston,13329,18,74751
2021,Waller,6-Houston,11621,23,51529
2021,Ward,9-Midland,4078,29,13986
2021,Washington,7-Austin,7709,22,35306
2021,Webb,11-Edinburg,81332,29,278650
2021,Wharton,6-Houston,10565,25,41999
2021,Wheeler,1-Lubbock,1475,25,5813
2021,Wichita,2-Abilene,29430,22,133234
2021,Wilbarger,2-Abilene,2934,23,12973
2021,Willacy,11-Edinburg,5407,24,22115
2021,Williamson,7-Austin,150324,25,609818
2021,Wilson,8-San Antonio,11516,22,52777
2021,Winkler,9-Midland,2955,31,9569
2021,Wise,3-Arlington,14921,22,66500
2021,Wood,4-Tyler,9052,20,45611
2021,Yoakum,1-Lubbock,2970,32,9404
2021,Young,2-Abilene,4421,24,18730
2021,Zapata,11-Edinburg,4599,32,14418
2021,Zavala,8-San Antonio,3938,31,12780
2020,Anderson,4-Tyler,10766,19,58199
2020,Andrews,9-Midland,6851,31,22269
2020,Angelina,5-Beaumont,23070,26,90437
2020,Aransas,11-Edinburg,5226,19,27699
2020,Archer,2-Abilene,1700,20,8344
2020,Armstrong,1-Lubbock,338,17,1948
2020,Atascosa,8-San Antonio,13408,26,51831
2020,Austin,6-Houston,6938,23,30402
2020,Bailey,1-Lubbock,2325,30,7692
2020,Bandera,8-San Antonio,3432,16,21246
2020,Bastrop,7-Austin,20808,24,86105
2020,Baylor,2-Abilene,809,22,3624
2020,Bee,11-Edinburg,7568,22,34445
2020,Bell,7-Austin,102689,29,353629
2020,Bexar,8-San Antonio,533642,25,2093502
2020,Blanco,7-Austin,2115,18,11504
2020,Borden,9-Midland,113,17,685
2020,Bosque,7-Austin,3718,21,17765
2020,Bowie,4-Tyler,19598,21,92570
2020,Brazoria,6-Houston,94183,25,375869
2020,Brazos,7-Austin,50377,22,229410
2020,Brewster,10-El Paso,2035,22,9133
2020,Briscoe,1-Lubbock,311,20,1568
2020,Brooks,11-Edinburg,1836,26,7175
2020,Brown,2-Abilene,8466,22,38923
2020,Burleson,7-Austin,3979,22,17718
2020,Burnet,7-Austin,10343,21,48196
2020,Caldwell,7-Austin,10970,25,44284
2020,Calhoun,8-San Antonio,5685,25,22840
2020,Callahan,2-Abilene,2581,19,13456
2020,Cameron,11-Edinburg,124912,29,427881
2020,Camp,4-Tyler,3304,25,13322
2020,Carson,1-Lubbock,1317,23,5799
2020,Cass,4-Tyler,6691,22,30327
2020,Castro,1-Lubbock,1932,27,7103
2020,Chambers,6-Houston,10887,26,42320
2020,Cherokee,4-Tyler,13180,25,52178
2020,Childress,1-Lubbock,1408,20,7062
2020,Clay,2-Abilene,1915,20,9787
2020,Cochran,1-Lubbock,977,29,3348
2020,Coke,9-Midland,605,19,3215
2020,Coleman,2-Abilene,1949,23,8478
2020,Collin,3-Arlington,258321,25,1039369
2020,Collingsworth,1-Lubbock,849,26,3210
2020,Colorado,6-Houston,4956,23,21273
2020,Comal,8-San Antonio,32639,22,147330
2020,Comanche,2-Abilene,2960,23,13075
2020,Concho,9-Midland,572,14,4147
2020,Cooke,3-Arlington,8980,23,39727
2020,Coryell,7-Austin,19682,25,78317
2020,Cottle,2-Abilene,310,21,1510
2020,Crane,9-Midland,1775,29,6209
2020,Crockett,9-Midland,1007,25,4040
2020,Crosby,1-Lubbock,1671,26,6464
2020,Culberson,10-El Paso,454,20,2245
2020,Dallam,1-Lubbock,2254,31,7237
2020,Dallas,3-Arlington,728017,27,2734111
2020,Dawson,9-Midland,3267,24,13592
2020,DeWitt,8-San Antonio,4724,22,21737
2020,Deaf Smith,1-Lubbock,5491,30,18143
2020,Delta,4-Tyler,1123,21,5367
2020,Denton,3-Arlington,210980,24,897953
2020,Dickens,1-Lubbock,321,15,2174
2020,Dimmit,8-San Antonio,3480,30,11743
2020,Donley,1-Lubbock,674,20,3410
2020,Duval,11-Edinburg,3077,26,11796
2020,Eastland,2-Abilene,4078,22,18205
2020,Ector,9-Midland,54638,30,184841
2020,Edwards,8-San Antonio,404,20,1991
2020,El Paso,10-El Paso,242335,28,876120
2020,Ellis,3-Arlington,44872,25,177721
2020,Erath,3-Arlington,8926,21,41526
2020,Falls,7-Austin,3330,20,16603
2020,Fannin,3-Arlington,6968,20,34597
2020,Fayette,7-Austin,5813,22,26086
2020,Fisher,2-Abilene,831,21,3985
2020,Floyd,1-Lubbock,1449,25,5786
2020,Foard,2-Abilene,244,20,1240
2020,Fort Bend,6-Houston,210803,25,840383
2020,Franklin,4-Tyler,2752,25,10924
2020,Freestone,7-Austin,4391,22,19860
2020,Frio,8-San Antonio,4661,23,20023
2020,Gaines,9-Midland,7336,33,22121
2020,Galveston,6-Houston,85826,24,355196
2020,Garza,1-Lubbock,1400,21,6784
2020,Gillespie,8-San Antonio,5015,19,26191
2020,Glasscock,9-Midland,299,22,1365
2020,Goliad,8-San Antonio,1527,20,7717
2020,Gonzales,8-San Antonio,5613,26,21347
2020,Gray,1-Lubbock,6048,25,24252
2020,Grayson,3-Arlington,30635,23,131710
2020,Gregg,4-Tyler,31879,25,125730
2020,Grimes,7-Austin,6372,22,28930
2020,Guadalupe,8-San Antonio,42151,25,170266
2020,Hale,1-Lubbock,9045,27,33202
2020,Hall,1-Lubbock,775,23,3305
2020,Hamilton,7-Austin,1827,22,8220
2020,Hansford,1-Lubbock,1643,28,5820
2020,Hardeman,2-Abilene,942,24,3870
2020,Hardin,5-Beaumont,12509,22,56486
2020,Harris,6-Houston,1330726,27,4978845
2020,Harrison,4-Tyler,17387,25,68247
2020,Hartley,1-Lubbock,1192,20,6067
2020,Haskell,2-Abilene,1243,20,6197
2020,Hays,7-Austin,52771,22,234896
2020,Hemphill,1-Lubbock,1478,32,4644
2020,Henderson,4-Tyler,16944,21,81179
2020,Hidalgo,11-Edinburg,258163,30,870366
2020,Hill,7-Austin,8441,24,35673
2020,Hockley,1-Lubbock,6524,26,24636
2020,Hood,3-Arlington,11711,20,58643
2020,Hopkins,4-Tyler,8635,23,37040
2020,Houston,5-Beaumont,4522,20,22620
2020,Howard,9-Midland,9553,23,41236
2020,Hudspeth,10-El Paso,720,21,3400
2020,Hunt,3-Arlington,21890,23,95324
2020,Hutchinson,1-Lubbock,5340,25,21461
2020,Irion,9-Midland,261,17,1508
2020,Jack,2-Abilene,1914,22,8841
2020,Jackson,8-San Antonio,4140,26,15899
2020,Jasper,5-Beaumont,8283,23,35525
2020,Jeff Davis,10-El Paso,326,15,2113
2020,Jefferson,5-Beaumont,60433,23,258678
2020,Jim Hogg,11-Edinburg,1477,29,5077
2020,Jim Wells,11-Edinburg,12078,28,42890
2020,Johnson,3-Arlington,43616,25,171701
2020,Jones,2-Abilene,3242,16,19735
2020,Karnes,8-San Antonio,3338,22,15393
2020,Kaufman,3-Arlington,31590,25,125134
2020,Kendall,8-San Antonio,10300,22,46278
2020,Kenedy,11-Edinburg,101,21,476
2020,Kent,2-Abilene,149,19,795
2020,Kerr,8-San Antonio,10341,20,52267
2020,Kimble,9-Midland,800,18,4344
2020,King,1-Lubbock,52,17,309
2020,Kinney,8-San Antonio,710,21,3462
2020,Kleberg,11-Edinburg,6964,22,30987
2020,Knox,2-Abilene,989,25,3937
2020,La Salle,8-San Antonio,1650,20,8309
2020,Lamar,4-Tyler,11333,23,50014
2020,Lamb,1-Lubbock,3288,26,12776
2020,Lampasas,7-Austin,4497,21,21037
2020,Lavaca,8-San Antonio,5031,24,20735
2020,Lee,7-Austin,4219,24,17595
2020,Leon,7-Austin,3954,22,17707
2020,Liberty,6-Houston,21053,25,85284
2020,Limestone,7-Austin,5196,22,23544
2020,Lipscomb,1-Lubbock,907,25,3651
2020,Live Oak,11-Edinburg,2451,20,12030
2020,Llano,7-Austin,3141,16,19452
2020,Loving,9-Midland,14,15,92
2020,Lubbock,1-Lubbock,75186,24,317210
2020,Lynn,1-Lubbock,1346,24,5588
2020,Madison,7-Austin,3246,22,14527
2020,Marion,4-Tyler,1936,19,10294
2020,Martin,9-Midland,1681,28,6044
2020,Mason,9-Midland,757,19,3899
2020,Matagorda,6-Houston,9067,24,37064
2020,Maverick,8-San Antonio,17868,30,59938
2020,McCulloch,9-Midland,1914,22,8660
2020,McLennan,7-Austin,64314,25,253066
2020,McMullen,11-Edinburg,123,16,783
2020,Medina,8-San Antonio,11494,23,50594
2020,Menard,9-Midland,422,19,2188
2020,Midland,9-Midland,52452,28,187364
2020,Milam,7-Austin,5902,24,24635
2020,Mills,7-Austin,1029,21,4870
2020,Mitchell,2-Abilene,1882,19,9865
2020,Montague,2-Abilene,4242,22,19199
2020,Montgomery,6-Houston,152679,25,613951
2020,Moore,1-Lubbock,6309,29,21575
2020,Morris,4-Tyler,2769,22,12448
2020,Motley,1-Lubbock,215,18,1172
2020,Nacogdoches,5-Beaumont,13443,21,64106
2020,Navarro,3-Arlington,11497,24,47985
2020,Newton,5-Beaumont,2621,19,13724
2020,Nolan,2-Abilene,4039,26,15642
2020,Nueces,11-Edinburg,95469,25,383718
2020,Ochiltree,1-Lubbock,3354,30,11309
2020,Oldham,1-Lubbock,561,26,2200
2020,Orange,5-Beaumont,19718,23,86155
2020,Palo Pinto,3-Arlington,6183,22,27859
2020,Panola,4-Tyler,5956,24,24576
2020,Parker,3-Arlington,31099,23,135621
2020,Parmer,1-Lubbock,2551,28,9200
2020,Pecos,9-Midland,4021,24,16533
2020,Polk,5-Beaumont,9500,19,49080
2020,Potter,1-Lubbock,30754,25,122706
2020,Presidio,10-El Paso,1430,24,5906
2020,Rains,4-Tyler,2197,19,11378
2020,Randall,1-Lubbock,33231,24,138104
2020,Reagan,9-Midland,1184,28,4226
2020,Real,8-San Antonio,681,20,3407
2020,Red River,4-Tyler,2580,20,12610
2020,Reeves,9-Midland,3416,22,15707
2020,Refugio,11-Edinburg,1711,23,7573
2020,Roberts,1-Lubbock,221,22,983
2020,Robertson,7-Austin,3688,22,16888
2020,Rockwall,3-Arlington,24314,24,102243
2020,Runnels,2-Abilene,2576,23,11009
2020,Rusk,4-Tyler,11349,22,52767
2020,Sabine,5-Beaumont,1832,18,9936
2020,San Augustine,5-Beaumont,1629,19,8405
2020,San Jacinto,5-Beaumont,6385,22,28844
2020,San Patricio,11-Edinburg,18318,26,71325
2020,San Saba,7-Austin,1179,20,5873
2020,Schleicher,9-Midland,829,25,3312
2020,Scurry,2-Abilene,4621,25,18368
2020,Shackelford,2-Abilene,767,23,3405
2020,Shelby,5-Beaumont,6658,26,25545
2020,Sherman,1-Lubbock,855,26,3276
2020,Smith,4-Tyler,57206,24,235143
2020,Somervell,3-Arlington,1973,21,9294
2020,Starr,11-Edinburg,19930,31,64731
2020,Stephens,2-Abilene,2169,23,9570
2020,Sterling,9-Midland,259,21,1252
2020,Stonewall,2-Abilene,309,20,1523
2020,Sutton,9-Midland,995,23,4381
2020,Swisher,1-Lubbock,1772,24,7414
2020,Tarrant,3-Arlington,541243,25,2143755
2020,Taylor,2-Abilene,34267,25,139457
2020,Terrell,9-Midland,208,20,1054
2020,Terry,1-Lubbock,3460,27,13040
2020,Throckmorton,2-Abilene,311,20,1519
2020,Titus,4-Tyler,9112,28,32953
2020,Tom Green,9-Midland,28124,23,123276
2020,Travis,7-Austin,287355,22,1291502
2020,Trinity,5-Beaumont,2650,19,14233
2020,Tyler,5-Beaumont,4222,20,21343
2020,Upshur,4-Tyler,9140,22,41655
2020,Upton,9-Midland,1053,26,3983
2020,Uvalde,8-San Antonio,6960,25,27937
2020,Val Verde,8-San Antonio,13510,28,48253
2020,Van Zandt,4-Tyler,12465,22,55469
2020,Victoria,8-San Antonio,23146,24,97744
2020,Walker,6-Houston,13097,18,73997
2020,Waller,6-Houston,11528,23,50731
2020,Ward,9-Midland,3955,29,13592
2020,Washington,7-Austin,7701,22,35155
2020,Webb,11-Edinburg,81575,30,276183
2020,Wharton,6-Houston,10603,25,41941
2020,Wheeler,1-Lubbock,1471,25,5783
2020,Wichita,2-Abilene,29489,22,133138
2020,Wilbarger,2-Abilene,2978,23,13038
2020,Willacy,11-Edinburg,5419,24,22134
2020,Williamson,7-Austin,147318,25,589914
2020,Wilson,8-San Antonio,11438,22,51802
2020,Winkler,9-Midland,2869,31,9295
2020,Wise,3-Arlington,14855,23,65807
2020,Wood,4-Tyler,8963,20,45292
2020,Yoakum,1-Lubbock,2906,32,9225
2020,Young,2-Abilene,4396,23,18712
2020,Zapata,11-Edinburg,4616,32,14409
2020,Zavala,8-San Antonio,3907,31,12682
2019,Anderson,4-Tyler,10851,19,58248
2019,Andrews,9-Midland,6515,31,21305
2019,Angelina,5-Beaumont,23060,26,90151
2019,Aransas,11-Edinburg,5075,19,27198
2019,Archer,2-Abilene,1727,21,8393
2019,Armstrong,1-Lubbock,338,17,1951
2019,Atascosa,8-San Antonio,13281,26,51048
2019,Austin,6-Houston,6916,23,30207
2019,Bailey,1-Lubbock,2335,31,7638
2019,Bandera,8-San Antonio,3427,16,21174
2019,Bastrop,7-Austin,20654,24,84866
2019,Baylor,2-Abilene,805,22,3629
2019,Bee,11-Edinburg,7459,22,34195
2019,Bell,7-Austin,101702,29,349441
2019,Bexar,8-San Antonio,525295,26,2053260
2019,Blanco,7-Austin,2112,19,11393
2019,Borden,9-Midland,111,16,681
2019,Bosque,7-Austin,3717,21,17793
2019,Bowie,4-Tyler,19806,21,92596
2019,Brazoria,6-Houston,93559,25,369156
2019,Brazos,7-Austin,49491,22,225224
2019,Brewster,10-El Paso,2029,22,9157
2019,Briscoe,1-Lubbock,318,20,1572
2019,Brooks,11-Edinburg,1861,26,7178
2019,Brown,2-Abilene,8534,22,38873
2019,Burleson,7-Austin,3955,22,17649
2019,Burnet,7-Austin,10273,22,47634
2019,Caldwell,7-Austin,10861,25,43618
2019,Calhoun,8-San Antonio,5652,25,22707
2019,Callahan,2-Abilene,2643,20,13454
2019,Cameron,11-Edinburg,125889,30,426216
2019,Camp,4-Tyler,3294,25,13231
2019,Carson,1-Lubbock,1317,23,5832
2019,Cass,4-Tyler,6695,22,30365
2019,Castro,1-Lubbock,1956,27,7190
2019,Chambers,6-Houston,10690,26,41451
2019,Cherokee,4-Tyler,13208,25,52090
2019,Childress,1-Lubbock,1431,20,7068
2019,Clay,2-Abilene,1940,20,9885
2019,Cochran,1-Lubbock,968,29,3315
2019,Coke,9-Midland,611,19,3226
2019,Coleman,2-Abilene,1934,23,8527
2019,Collin,3-Arlington,255641,25,1010828
2019,Collingsworth,1-Lubbock,850,27,3188
2019,Colorado,6-Houston,4923,23,21239
2019,Comal,8-San Antonio,31531,22,142701
2019,Comanche,2-Abilene,2978,23,13173
2019,Concho,9-Midland,565,14,4136
2019,Cooke,3-Arlington,8993,23,39595
2019,Coryell,7-Austin,19829,25,77978
2019,Cottle,2-Abilene,312,21,1515
2019,Crane,9-Midland,1693,28,5991
2019,Crockett,9-Midland,999,25,4010
2019,Crosby,1-Lubbock,1669,26,6413
2019,Culberson,10-El Paso,463,20,2261
2019,Dallam,1-Lubbock,2230,31,7173
2019,Dallas,3-Arlington,721254,27,2697424
2019,Dawson,9-Midland,3258,24,13611
2019,DeWitt,8-San Antonio,4634,21,21573
2019,Deaf Smith,1-Lubbock,5553,30,18255
2019,Delta,4-Tyler,1122,21,5366
2019,Denton,3-Arlington,208408,24,870845
2019,Dickens,1-Lubbock,333,15,2188
2019,Dimmit,8-San Antonio,3395,29,11533
2019,Donley,1-Lubbock,675,20,3440
2019,Duval,11-Edinburg,3056,26,11803
2019,Eastland,2-Abilene,4099,22,18261
2019,Ector,9-Midland,53039,30,179208
2019,Edwards,8-San Antonio,414,21,2004
2019,El Paso,10-El Paso,240900,28,869040
2019,Ellis,3-Arlington,44628,26,174749
2019,Erath,3-Arlington,8818,21,41086
2019,Falls,7-Austin,3366,20,16712
2019,Fannin,3-Arlington,6981,20,34524
2019,Fayette,7-Austin,5703,22,25900
2019,Fisher,2-Abilene,833,21,3983
2019,Floyd,1-Lubbock,1471,25,5834
2019,Foard,2-Abilene,244,20,1240
2019,Fort Bend,6-Houston,205943,25,810619
2019,Franklin,4-Tyler,2752,25,10885
2019,Freestone,7-Austin,4430,22,19879
2019,Frio,8-San Antonio,4615,23,19718
2019,Gaines,9-Midland,7182,33,21620
2019,Galveston,6-Houston,84288,24,348442
2019,Garza,1-Lubbock,1378,20,6756
2019,Gillespie,8-San Antonio,4965,19,26019
2019,Glasscock,9-Midland,294,22,1349
2019,Goliad,8-San Antonio,1547,20,7672
2019,Gonzales,8-San Antonio,5582,26,21216
2019,Gray,1-Lubbock,5988,25,24040
2019,Grayson,3-Arlington,30447,23,130657
2019,Gregg,4-Tyler,31888,25,125425
2019,Grimes,7-Austin,6310,22,28710
2019,Guadalupe,8-San Antonio,41291,25,165837
2019,Hale,1-Lubbock,9204,27,33527
2019,Hall,1-Lubbock,775,23,3312
2019,Hamilton,7-Austin,1822,22,8234
2019,Hansford,1-Lubbock,1644,28,5802
2019,Hardeman,2-Abilene,940,24,3888
2019,Hardin,5-Beaumont,12656,22,56350
2019,Harris,6-Houston,1310915,27,4887341
2019,Harrison,4-Tyler,17307,25,68004
2019,Hartley,1-Lubbock,1199,20,6064
2019,Haskell,2-Abilene,1242,20,6150
2019,Hays,7-Austin,51105,23,225516
2019,Hemphill,1-Lubbock,1417,31,4527
2019,Henderson,4-Tyler,16918,21,80985
2019,Hidalgo,11-Edinburg,258903,30,860844
2019,Hill,7-Austin,8469,24,35644
2019,Hockley,1-Lubbock,6472,26,24455
2019,Hood,3-Arlington,11531,20,57881
2019,Hopkins,4-Tyler,8628,23,36879
2019,Houston,5-Beaumont,4529,20,22738
2019,Howard,9-Midland,9393,23,40521
2019,Hudspeth,10-El Paso,735,22,3401
2019,Hunt,3-Arlington,21702,23,94285
2019,Hutchinson,1-Lubbock,5366,25,21511
2019,Irion,9-Midland,271,18,1513
2019,Jack,2-Abilene,1882,21,8845
2019,Jackson,8-San Antonio,4050,26,15699
2019,Jasper,5-Beaumont,8314,23,35593
2019,Jeff Davis,10-El Paso,328,15,2129
2019,Jefferson,5-Beaumont,60075,23,258020
2019,Jim Hogg,11-Edinburg,1480,29,5099
2019,Jim Wells,11-Edinburg,11923,28,42697
2019,Johnson,3-Arlington,43172,25,169575
2019,Jones,2-Abilene,3266,17,19766
2019,Karnes,8-San Antonio,3269,21,15309
2019,Kaufman,3-Arlington,31254,25,122724
2019,Kendall,8-San Antonio,9959,22,44686
2019,Kenedy,11-Edinburg,99,21,470
2019,Kent,2-Abilene,156,20,792
2019,Kerr,8-San Antonio,10301,20,51993
2019,Kimble,9-Midland,818,19,4365
2019,King,1-Lubbock,52,17,306
2019,Kinney,8-San Antonio,698,20,3465
2019,Kleberg,11-Edinburg,7066,23,31002
2019,Knox,2-Abilene,984,25,3912
2019,La Salle,8-San Antonio,1611,20,8154
2019,Lamar,4-Tyler,11303,23,50032
2019,Lamb,1-Lubbock,3344,26,12903
2019,Lampasas,7-Austin,4486,21,20885
2019,Lavaca,8-San Antonio,4913,24,20522
2019,Lee,7-Austin,4187,24,17502
2019,Leon,7-Austin,3916,22,17617
2019,Liberty,6-Houston,20681,25,84278
2019,Limestone,7-Austin,5226,22,23544
2019,Lipscomb,1-Lubbock,903,25,3618
2019,Live Oak,11-Edinburg,2429,20,11970
2019,Llano,7-Austin,3117,16,19428
2019,Loving,9-Midland,13,14,91
2019,Lubbock,1-Lubbock,74445,24,312653
2019,Lynn,1-Lubbock,1364,24,5613
2019,Madison,7-Austin,3212,22,14420
2019,Marion,4-Tyler,1933,19,10343
2019,Martin,9-Midland,1626,28,5898
2019,Mason,9-Midland,760,19,3901
2019,Matagorda,6-Houston,9057,24,37064
2019,Maverick,8-San Antonio,17903,30,59379
2019,McCulloch,9-Midland,1922,22,8619
2019,McLennan,7-Austin,64131,26,251303
2019,McMullen,11-Edinburg,123,16,774
2019,Medina,8-San Antonio,11466,23,50118
2019,Menard,9-Midland,416,19,2185
2019,Midland,9-Midland,50544,28,181073
2019,Milam,7-Austin,5952,24,24655
2019,Mills,7-Austin,1020,21,4876
2019,Mitchell,2-Abilene,1849,19,9802
2019,Montague,2-Abilene,4265,22,19247
2019,Montgomery,6-Houston,149360,25,595887
2019,Moore,1-Lubbock,6359,29,21612
2019,Morris,4-Tyler,2765,22,12506
2019,Motley,1-Lubbock,218,19,1174
2019,Nacogdoches,5-Beaumont,13479,21,63981
2019,Navarro,3-Arlington,11574,24,47977
2019,Newton,5-Beaumont,2652,19,13784
2019,Nolan,2-Abilene,4027,26,15589
2019,Nueces,11-Edinburg,94425,25,379038
2019,Ochiltree,1-Lubbock,3329,30,11190
2019,Oldham,1-Lubbock,568,26,2192
2019,Orange,5-Beaumont,19637,23,85744
2019,Palo Pinto,3-Arlington,6203,22,27891
2019,Panola,4-Tyler,5943,24,24531
2019,Parker,3-Arlington,30685,23,133578
2019,Parmer,1-Lubbock,2601,28,9288
2019,Pecos,9-Midland,3998,24,16477
2019,Polk,5-Beaumont,9450,19,48689
2019,Potter,1-Lubbock,31106,25,122653
2019,Presidio,10-El Paso,1468,24,6049
2019,Rains,4-Tyler,2170,19,11325
2019,Randall,1-Lubbock,32711,24,136026
2019,Reagan,9-Midland,1159,28,4122
2019,Real,8-San Antonio,660,19,3403
2019,Red River,4-Tyler,2571,20,12645
2019,Reeves,9-Midland,3379,22,15501
2019,Refugio,11-Edinburg,1693,22,7563
2019,Roberts,1-Lubbock,221,23,977
2019,Robertson,7-Austin,3685,22,16856
2019,Rockwall,3-Arlington,24265,24,99619
2019,Runnels,2-Abilene,2567,23,10948
2019,Rusk,4-Tyler,11389,22,52822
2019,Sabine,5-Beaumont,1840,18,10019
2019,San Augustine,5-Beaumont,1624,19,8445
2019,San Jacinto,5-Beaumont,6310,22,28602
2019,San Patricio,11-Edinburg,18214,26,70615
2019,San Saba,7-Austin,1185,20,5890
2019,Schleicher,9-Midland,834,25,3300
2019,Scurry,2-Abilene,4559,25,18208
2019,Shackelford,2-Abilene,774,23,3394
2019,Shelby,5-Beaumont,6651,26,25565
2019,Sherman,1-Lubbock,847,26,3239
2019,Smith,4-Tyler,56849,24,232715
2019,Somervell,3-Arlington,1971,21,9194
2019,Starr,11-Edinburg,19969,31,64444
2019,Stephens,2-Abilene,2170,23,9573
2019,Sterling,9-Midland,263,21,1238
2019,Stonewall,2-Abilene,311,20,1519
2019,Sutton,9-Midland,986,23,4350
2019,Swisher,1-Lubbock,1786,24,7444
2019,Tarrant,3-Arlington,537604,25,2108938
2019,Taylor,2-Abilene,34110,25,138697
2019,Terrell,9-Midland,208,20,1048
2019,Terry,1-Lubbock,3436,26,13001
2019,Throckmorton,2-Abilene,306,20,1528
2019,Titus,4-Tyler,9166,28,32934
2019,Tom Green,9-Midland,27829,23,121814
2019,Travis,7-Austin,283941,22,1265178
2019,Trinity,5-Beaumont,2664,19,14285
2019,Tyler,5-Beaumont,4198,20,21379
2019,Upshur,4-Tyler,9154,22,41389
2019,Upton,9-Midland,1037,26,3916
2019,Uvalde,8-San Antonio,6958,25,27729
2019,Val Verde,8-San Antonio,13603,28,48334
2019,Van Zandt,4-Tyler,12359,22,55170
2019,Victoria,8-San Antonio,22996,24,96533
2019,Walker,6-Houston,12785,17,73219
2019,Waller,6-Houston,11401,23,49950
2019,Ward,9-Midland,3828,29,13230
2019,Washington,7-Austin,7635,22,35010
2019,Webb,11-Edinburg,82055,30,273467
2019,Wharton,6-Houston,10667,25,41883
2019,Wheeler,1-Lubbock,1453,25,5751
2019,Wichita,2-Abilene,29589,22,133012
2019,Wilbarger,2-Abilene,3040,23,13085
2019,Willacy,11-Edinburg,5447,25,22157
2019,Williamson,7-Austin,144585,25,570803
2019,Wilson,8-San Antonio,11373,22,50837
2019,Winkler,9-Midland,2745,30,9022
2019,Wise,3-Arlington,14800,23,65160
2019,Wood,4-Tyler,8869,20,44993
2019,Yoakum,1-Lubbock,2850,31,9060
2019,Young,2-Abilene,4386,23,18695
2019,Zapata,11-Edinburg,4653,32,14403
2019,Zavala,8-San Antonio,3863,31,12572
2018,Anderson,4-Tyler,10938,19,58293
2018,Andrews,9-Midland,6217,30,20388
2018,Angelina,5-Beaumont,23113,26,89860
2018,Aransas,11-Edinburg,4965,19,26700
2018,Archer,2-Abilene,1743,21,8452
2018,Armstrong,1-Lubbock,355,18,1954
2018,Atascosa,8-San Antonio,13170,26,50265
2018,Austin,6-Houston,6884,23,30002
2018,Bailey,1-Lubbock,2345,31,7582
2018,Bandera,8-San Antonio,3452,16,21083
2018,Bastrop,7-Austin,20495,25,83657
2018,Baylor,2-Abilene,808,22,3640
2018,Bee,11-Edinburg,7409,22,33924
2018,Bell,7-Austin,100615,29,345285
2018,Bexar,8-San Antonio,517732,26,2013625
2018,Blanco,7-Austin,2102,19,11303
2018,Borden,9-Midland,108,16,675
2018,Bosque,7-Austin,3725,21,17828
2018,Bowie,4-Tyler,20050,22,92615
2018,Brazoria,6-Houston,93035,26,362609
2018,Brazos,7-Austin,48638,22,221079
2018,Brewster,10-El Paso,2017,22,9192
2018,Briscoe,1-Lubbock,315,20,1576
2018,Brooks,11-Edinburg,1863,26,7187
2018,Brown,2-Abilene,8595,22,38827
2018,Burleson,7-Austin,3959,23,17589
2018,Burnet,7-Austin,10140,22,47080
2018,Caldwell,7-Austin,10772,25,42953
2018,Calhoun,8-San Antonio,5604,25,22570
2018,Callahan,2-Abilene,2677,20,13437
2018,Cameron,11-Edinburg,126935,30,424462
2018,Camp,4-Tyler,3277,25,13145
2018,Carson,1-Lubbock,1336,23,5848
2018,Cass,4-Tyler,6687,22,30399
2018,Castro,1-Lubbock,2007,28,7275
2018,Chambers,6-Houston,10555,26,40629
2018,Cherokee,4-Tyler,13254,26,51985
2018,Childress,1-Lubbock,1425,20,7078
2018,Clay,2-Abilene,1978,20,9984
2018,Cochran,1-Lubbock,945,29,3279
2018,Coke,9-Midland,626,19,3236
2018,Coleman,2-Abilene,1936,23,8569
2018,Collin,3-Arlington,253266,26,983202
2018,Collingsworth,1-Lubbock,845,27,3172
2018,Colorado,6-Houston,4917,23,21199
2018,Comal,8-San Antonio,30654,22,138302
2018,Comanche,2-Abilene,2991,23,13260
2018,Concho,9-Midland,554,13,4132
2018,Cooke,3-Arlington,9064,23,39470
2018,Coryell,7-Austin,20010,26,77622
2018,Cottle,2-Abilene,322,21,1512
2018,Crane,9-Midland,1635,28,5783
2018,Crockett,9-Midland,986,25,3982
2018,Crosby,1-Lubbock,1659,26,6363
2018,Culberson,10-El Paso,480,21,2275
2018,Dallam,1-Lubbock,2190,31,7112
2018,Dallas,3-Arlington,714767,27,2660715
2018,Dawson,9-Midland,3282,24,13629
2018,DeWitt,8-San Antonio,4598,22,21374
2018,Deaf Smith,1-Lubbock,5619,31,18352
2018,Delta,4-Tyler,1118,21,5355
2018,Denton,3-Arlington,206182,24,844707
2018,Dickens,1-Lubbock,346,16,2204
2018,Dimmit,8-San Antonio,3341,29,11335
2018,Donley,1-Lubbock,680,20,3461
2018,Duval,11-Edinburg,3032,26,11814
2018,Eastland,2-Abilene,4113,22,18307
2018,Ector,9-Midland,51424,30,173797
2018,Edwards,8-San Antonio,416,21,2012
2018,El Paso,10-El Paso,240234,28,861806
2018,Ellis,3-Arlington,44316,26,171816
2018,Erath,3-Arlington,8768,22,40662
2018,Falls,7-Austin,3411,20,16835
2018,Fannin,3-Arlington,7000,20,34459
2018,Fayette,7-Austin,5630,22,25722
2018,Fisher,2-Abilene,826,21,3985
2018,Floyd,1-Lubbock,1491,25,5886
2018,Foard,2-Abilene,243,19,1248
2018,Fort Bend,6-Houston,201789,26,781965
2018,Franklin,4-Tyler,2721,25,10847
2018,Freestone,7-Austin,4465,22,19872
2018,Frio,8-San Antonio,4577,24,19421
2018,Gaines,9-Midland,7065,33,21130
2018,Galveston,6-Houston,82997,24,341737
2018,Garza,1-Lubbock,1364,20,6725
2018,Gillespie,8-San Antonio,4907,19,25848
2018,Glasscock,9-Midland,295,22,1336
2018,Goliad,8-San Antonio,1527,20,7622
2018,Gonzales,8-San Antonio,5560,26,21075
2018,Gray,1-Lubbock,5919,25,23830
2018,Grayson,3-Arlington,30286,23,129610
2018,Gregg,4-Tyler,31825,25,125113
2018,Grimes,7-Austin,6281,22,28476
2018,Guadalupe,8-San Antonio,40585,25,161541
2018,Hale,1-Lubbock,9322,28,33824
2018,Hall,1-Lubbock,785,24,3311
2018,Hamilton,7-Austin,1804,22,8254
2018,Hansford,1-Lubbock,1662,29,5780
2018,Hardeman,2-Abilene,946,24,3899
2018,Hardin,5-Beaumont,12862,23,56216
2018,Harris,6-Houston,1292687,27,4796533
2018,Harrison,4-Tyler,17221,25,67764
2018,Hartley,1-Lubbock,1199,20,6041
2018,Haskell,2-Abilene,1223,20,6107
2018,Hays,7-Austin,49705,23,216516
2018,Hemphill,1-Lubbock,1371,31,4426
2018,Henderson,4-Tyler,16997,21,80755
2018,Hidalgo,11-Edinburg,260012,31,851285
2018,Hill,7-Austin,8485,24,35617
2018,Hockley,1-Lubbock,6429,27,24257
2018,Hood,3-Arlington,11377,20,57119
2018,Hopkins,4-Tyler,8668,24,36710
2018,Houston,5-Beaumont,4519,20,22832
2018,Howard,9-Midland,9201,23,39836
2018,Hudspeth,10-El Paso,751,22,3398
2018,Hunt,3-Arlington,21534,23,93305
2018,Hutchinson,1-Lubbock,5407,25,21563
2018,Irion,9-Midland,272,18,1518
2018,Jack,2-Abilene,1864,21,8866
2018,Jackson,8-San Antonio,3996,26,15520
2018,Jasper,5-Beaumont,8365,23,35649
2018,Jeff Davis,10-El Paso,326,15,2151
2018,Jefferson,5-Beaumont,59854,23,257363
2018,Jim Hogg,11-Edinburg,1473,29,5122
2018,Jim Wells,11-Edinburg,11864,28,42509
2018,Johnson,3-Arlington,42846,26,167450
2018,Jones,2-Abilene,3300,17,19790
2018,Karnes,8-San Antonio,3226,21,15238
2018,Kaufman,3-Arlington,31052,26,120400
2018,Kendall,8-San Antonio,9665,22,43173
2018,Kenedy,11-Edinburg,98,21,464
2018,Kent,2-Abilene,159,20,791
2018,Kerr,8-San Antonio,10264,20,51716
2018,Kimble,9-Midland,813,19,4387
2018,King,1-Lubbock,52,17,303
2018,Kinney,8-San Antonio,694,20,3467
2018,Kleberg,11-Edinburg,7160,23,31028
2018,Knox,2-Abilene,983,25,3888
2018,La Salle,8-San Antonio,1573,20,8000
2018,Lamar,4-Tyler,11364,23,50031
2018,Lamb,1-Lubbock,3399,26,13018
2018,Lampasas,7-Austin,4473,22,20727
2018,Lavaca,8-San Antonio,4824,24,20324
2018,Lee,7-Austin,4183,24,17407
2018,Leon,7-Austin,3856,22,17504
2018,Liberty,6-Houston,20441,25,83276
2018,Limestone,7-Austin,5248,22,23556
2018,Lipscomb,1-Lubbock,886,25,3573
2018,Live Oak,11-Edinburg,2398,20,11912
2018,Llano,7-Austin,3098,16,19408
2018,Loving,9-Midland,13,14,90
2018,Lubbock,1-Lubbock,73819,24,308208
2018,Lynn,1-Lubbock,1386,25,5642
2018,Madison,7-Austin,3161,22,14312
2018,Marion,4-Tyler,1923,19,10389
2018,Martin,9-Midland,1599,28,5757
2018,Mason,9-Midland,745,19,3904
2018,Matagorda,6-Houston,9084,25,37045
2018,Maverick,8-San Antonio,17852,30,58820
2018,McCulloch,9-Midland,1910,22,8576
2018,McLennan,7-Austin,63861,26,249470
2018,McMullen,11-Edinburg,123,16,766
2018,Medina,8-San Antonio,11460,23,49615
2018,Menard,9-Midland,412,19,2187
2018,Midland,9-Midland,48738,28,175090
2018,Milam,7-Austin,5992,24,24662
2018,Mills,7-Austin,1028,21,4885
2018,Mitchell,2-Abilene,1842,19,9764
2018,Montague,2-Abilene,4283,22,19298
2018,Montgomery,6-Houston,146359,25,578410
2018,Moore,1-Lubbock,6436,30,21660
2018,Morris,4-Tyler,2769,22,12551
2018,Motley,1-Lubbock,222,19,1177
2018,Nacogdoches,5-Beaumont,13544,21,63839
2018,Navarro,3-Arlington,11694,24,47962
2018,Newton,5-Beaumont,2699,19,13847
2018,Nolan,2-Abilene,4001,26,15524
2018,Nueces,11-Edinburg,93522,25,374431
2018,Ochiltree,1-Lubbock,3331,30,11073
2018,Oldham,1-Lubbock,582,27,2177
2018,Orange,5-Beaumont,19593,23,85320
2018,Palo Pinto,3-Arlington,6263,22,27931
2018,Panola,4-Tyler,5951,24,24471
2018,Parker,3-Arlington,30404,23,131578
2018,Parmer,1-Lubbock,2643,28,9387
2018,Pecos,9-Midland,3980,24,16397
2018,Polk,5-Beaumont,9427,20,48283
2018,Potter,1-Lubbock,31388,26,122573
2018,Presidio,10-El Paso,1528,25,6206
2018,Rains,4-Tyler,2158,19,11281
2018,Randall,1-Lubbock,32312,24,134004
2018,Reagan,9-Midland,1137,28,4017
2018,Real,8-San Antonio,646,19,3392
2018,Red River,4-Tyler,2571,20,12673
2018,Reeves,9-Midland,3331,22,15287
2018,Refugio,11-Edinburg,1723,23,7554
2018,Roberts,1-Lubbock,230,24,976
2018,Robertson,7-Austin,3722,22,16823
2018,Rockwall,3-Arlington,24286,25,97062
2018,Runnels,2-Abilene,2551,23,10890
2018,Rusk,4-Tyler,11502,22,52892
2018,Sabine,5-Beaumont,1856,18,10116
2018,San Augustine,5-Beaumont,1627,19,8498
2018,San Jacinto,5-Beaumont,6266,22,28348
2018,San Patricio,11-Edinburg,18183,26,69908
2018,San Saba,7-Austin,1180,20,5901
2018,Schleicher,9-Midland,858,26,3292
2018,Scurry,2-Abilene,4522,25,18045
2018,Shackelford,2-Abilene,771,23,3387
2018,Shelby,5-Beaumont,6700,26,25580
2018,Sherman,1-Lubbock,853,27,3211
2018,Smith,4-Tyler,56574,25,230250
2018,Somervell,3-Arlington,1981,22,9101
2018,Starr,11-Edinburg,20000,31,64118
2018,Stephens,2-Abilene,2165,23,9567
2018,Sterling,9-Midland,265,22,1227
2018,Stonewall,2-Abilene,311,21,1513
2018,Sutton,9-Midland,986,23,4325
2018,Swisher,1-Lubbock,1829,24,7486
2018,Tarrant,3-Arlington,534355,26,2074551
2018,Taylor,2-Abilene,33984,25,137915
2018,Terrell,9-Midland,211,20,1044
2018,Terry,1-Lubbock,3410,26,12961
2018,Throckmorton,2-Abilene,308,20,1537
2018,Titus,4-Tyler,9247,28,32896
2018,Tom Green,9-Midland,27605,23,120367
2018,Travis,7-Austin,280278,23,1238590
2018,Trinity,5-Beaumont,2683,19,14321
2018,Tyler,5-Beaumont,4156,19,21396
2018,Upshur,4-Tyler,9164,22,41140
2018,Upton,9-Midland,1024,27,3853
2018,Uvalde,8-San Antonio,7006,25,27541
2018,Val Verde,8-San Antonio,13642,28,48408
2018,Van Zandt,4-Tyler,12325,22,54886
2018,Victoria,8-San Antonio,22894,24,95346
2018,Walker,6-Houston,12559,17,72447
2018,Waller,6-Houston,11389,23,49136
2018,Ward,9-Midland,3703,29,12880
2018,Washington,7-Austin,7632,22,34859
2018,Webb,11-Edinburg,82542,30,270758
2018,Wharton,6-Houston,10676,26,41833
2018,Wheeler,1-Lubbock,1421,25,5712
2018,Wichita,2-Abilene,29612,22,132841
2018,Wilbarger,2-Abilene,3070,23,13130
2018,Willacy,11-Edinburg,5481,25,22162
2018,Williamson,7-Austin,142204,26,552353
2018,Wilson,8-San Antonio,11355,23,49908
2018,Winkler,9-Midland,2663,30,8754
2018,Wise,3-Arlington,14816,23,64505
2018,Wood,4-Tyler,8842,20,44666
2018,Yoakum,1-Lubbock,2804,32,8899
2018,Young,2-Abilene,4385,23,18667
2018,Zapata,11-Edinburg,4655,32,14377
2018,Zavala,8-San Antonio,3818,31,12472
2017,Anderson,4-Tyler,11039,19,58342
2017,Andrews,9-Midland,5899,30,19526
2017,Angelina,5-Beaumont,23157,26,89557
2017,Aransas,11-Edinburg,4827,18,26228
2017,Archer,2-Abilene,1784,21,8516
2017,Armstrong,1-Lubbock,359,18,1952
2017,Atascosa,8-San Antonio,13029,26,49504
2017,Austin,6-Houston,6889,23,29801
2017,Bailey,1-Lubbock,2326,31,7525
2017,Bandera,8-San Antonio,3455,16,20992
2017,Bastrop,7-Austin,20397,25,82448
2017,Baylor,2-Abilene,806,22,3645
2017,Bee,11-Edinburg,7360,22,33657
2017,Bell,7-Austin,99550,29,341136
2017,Bexar,8-San Antonio,510454,26,1974510
2017,Blanco,7-Austin,2123,19,11201
2017,Borden,9-Midland,106,16,669
2017,Bosque,7-Austin,3762,21,17875
2017,Bowie,4-Tyler,20273,22,92598
2017,Brazoria,6-Houston,92622,26,356123
2017,Brazos,7-Austin,47661,22,217040
2017,Brewster,10-El Paso,2023,22,9204
2017,Briscoe,1-Lubbock,321,20,1582
2017,Brooks,11-Edinburg,1876,26,7195
2017,Brown,2-Abilene,8678,22,38758
2017,Burleson,7-Austin,3954,23,17551
2017,Burnet,7-Austin,10053,22,46513
2017,Caldwell,7-Austin,10691,25,42322
2017,Calhoun,8-San Antonio,5597,25,22436
2017,Callahan,2-Abilene,2718,20,13442
2017,Cameron,11-Edinburg,128001,30,422582
2017,Camp,4-Tyler,3260,25,13047
2017,Carson,1-Lubbock,1348,23,5877
2017,Cass,4-Tyler,6719,22,30442
2017,Castro,1-Lubbock,2046,28,7365
2017,Chambers,6-Houston,10433,26,39835
2017,Cherokee,4-Tyler,13272,26,51873
2017,Childress,1-Lubbock,1442,20,7079
2017,Clay,2-Abilene,2010,20,10075
2017,Cochran,1-Lubbock,926,28,3251
2017,Coke,9-Midland,640,20,3246
2017,Coleman,2-Abilene,1929,22,8609
2017,Collin,3-Arlington,251159,26,956327
2017,Collingsworth,1-Lubbock,838,27,3151
2017,Colorado,6-Houston,4903,23,21145
2017,Comal,8-San Antonio,29896,22,134065
2017,Comanche,2-Abilene,3028,23,13346
2017,Concho,9-Midland,556,13,4124
2017,Cooke,3-Arlington,9090,23,39339
2017,Coryell,7-Austin,20189,26,77317
2017,Cottle,2-Abilene,325,21,1514
2017,Crane,9-Midland,1594,29,5577
2017,Crockett,9-Midland,979,25,3953
2017,Crosby,1-Lubbock,1663,26,6326
2017,Culberson,10-El Paso,494,22,2288
2017,Dallam,1-Lubbock,2169,31,7060
2017,Dallas,3-Arlington,707820,27,2624075
2017,Dawson,9-Midland,3291,24,13644
2017,DeWitt,8-San Antonio,4569,22,21199
2017,Deaf Smith,1-Lubbock,5709,31,18470
2017,Delta,4-Tyler,1124,21,5340
2017,Denton,3-Arlington,203977,25,819532
2017,Dickens,1-Lubbock,356,16,2223
2017,Dimmit,8-San Antonio,3261,29,11140
2017,Donley,1-Lubbock,679,19,3488
2017,Duval,11-Edinburg,3060,26,11822
2017,Eastland,2-Abilene,4127,22,18357
2017,Ector,9-Midland,49906,30,168589
2017,Edwards,8-San Antonio,412,21,2009
2017,El Paso,10-El Paso,239329,28,854479
2017,Ellis,3-Arlington,44111,26,168947
2017,Erath,3-Arlington,8696,22,40231
2017,Falls,7-Austin,3479,21,16972
2017,Fannin,3-Arlington,7054,21,34370
2017,Fayette,7-Austin,5545,22,25545
2017,Fisher,2-Abilene,831,21,3979
2017,Floyd,1-Lubbock,1514,26,5928
2017,Foard,2-Abilene,241,19,1256
2017,Fort Bend,6-Houston,197864,26,754361
2017,Franklin,4-Tyler,2703,25,10802
2017,Freestone,7-Austin,4492,23,19863
2017,Frio,8-San Antonio,4558,24,19130
2017,Gaines,9-Midland,6949,34,20667
2017,Galveston,6-Houston,81747,24,335200
2017,Garza,1-Lubbock,1338,20,6691
2017,Gillespie,8-San Antonio,4874,19,25682
2017,Glasscock,9-Midland,296,22,1318
2017,Goliad,8-San Antonio,1536,20,7575
2017,Gonzales,8-San Antonio,5532,26,20937
2017,Gray,1-Lubbock,5860,25,23623
2017,Grayson,3-Arlington,30122,23,128563
2017,Gregg,4-Tyler,31821,26,124780
2017,Grimes,7-Austin,6220,22,28230
2017,Guadalupe,8-San Antonio,39851,25,157370
2017,Hale,1-Lubbock,9505,28,34150
2017,Hall,1-Lubbock,776,23,3308
2017,Hamilton,7-Austin,1797,22,8274
2017,Hansford,1-Lubbock,1671,29,5753
2017,Hardeman,2-Abilene,939,24,3923
2017,Hardin,5-Beaumont,13076,23,56051
2017,Harris,6-Houston,1275223,27,4706369
2017,Harrison,4-Tyler,17199,25,67523
2017,Hartley,1-Lubbock,1210,20,6040
2017,Haskell,2-Abilene,1214,20,6061
2017,Hays,7-Austin,48312,23,207880
2017,Hemphill,1-Lubbock,1352,31,4336
2017,Henderson,4-Tyler,17089,21,80527
2017,Hidalgo,11-Edinburg,260872,31,841585
2017,Hill,7-Austin,8489,24,35582
2017,Hockley,1-Lubbock,6407,27,24083
2017,Hood,3-Arlington,11314,20,56362
2017,Hopkins,4-Tyler,8663,24,36535
2017,Houston,5-Beaumont,4530,20,22931
2017,Howard,9-Midland,9010,23,39167
2017,Hudspeth,10-El Paso,773,23,3399
2017,Hunt,3-Arlington,21401,23,92298
2017,Hutchinson,1-Lubbock,5438,25,21624
2017,Irion,9-Midland,284,19,1524
2017,Jack,2-Abilene,1873,21,8888
2017,Jackson,8-San Antonio,3951,26,15330
2017,Jasper,5-Beaumont,8410,24,35679
2017,Jeff Davis,10-El Paso,327,15,2168
2017,Jefferson,5-Beaumont,59640,23,256679
2017,Jim Hogg,11-Edinburg,1464,28,5150
2017,Jim Wells,11-Edinburg,11817,28,42298
2017,Johnson,3-Arlington,42512,26,165360
2017,Jones,2-Abilene,3335,17,19827
2017,Karnes,8-San Antonio,3180,21,15171
2017,Kaufman,3-Arlington,30800,26,118095
2017,Kendall,8-San Antonio,9407,23,41764
2017,Kenedy,11-Edinburg,96,21,458
2017,Kent,2-Abilene,159,20,787
2017,Kerr,8-San Antonio,10201,20,51421
2017,Kimble,9-Midland,814,18,4420
2017,King,1-Lubbock,54,18,301
2017,Kinney,8-San Antonio,682,20,3468
2017,Kleberg,11-Edinburg,7244,23,31057
2017,Knox,2-Abilene,973,25,3866
2017,La Salle,8-San Antonio,1547,20,7844
2017,Lamar,4-Tyler,11418,23,50022
2017,Lamb,1-Lubbock,3470,26,13128
2017,Lampasas,7-Austin,4493,22,20581
2017,Lavaca,8-San Antonio,4740,24,20155
2017,Lee,7-Austin,4171,24,17298
2017,Leon,7-Austin,3812,22,17414
2017,Liberty,6-Houston,20199,25,82278
2017,Limestone,7-Austin,5277,22,23538
2017,Lipscomb,1-Lubbock,880,25,3541
2017,Live Oak,11-Edinburg,2381,20,11859
2017,Llano,7-Austin,3048,16,19387
2017,Loving,9-Midland,12,13,89
2017,Lubbock,1-Lubbock,73151,24,303884
2017,Lynn,1-Lubbock,1410,25,5663
2017,Madison,7-Austin,3117,22,14223
2017,Marion,4-Tyler,1913,18,10409
2017,Martin,9-Midland,1567,28,5626
2017,Mason,9-Midland,756,19,3914
2017,Matagorda,6-Houston,9123,25,37030
2017,Maverick,8-San Antonio,17828,31,58254
2017,McCulloch,9-Midland,1908,22,8539
2017,McLennan,7-Austin,63583,26,247655
2017,McMullen,11-Edinburg,121,16,761
2017,Medina,8-San Antonio,11469,23,49136
2017,Menard,9-Midland,413,19,2194
2017,Midland,9-Midland,47009,28,169373
2017,Milam,7-Austin,6021,24,24661
2017,Mills,7-Austin,1035,21,4879
2017,Mitchell,2-Abilene,1832,19,9713
2017,Montague,2-Abilene,4265,22,19350
2017,Montgomery,6-Houston,143408,26,561436
2017,Moore,1-Lubbock,6469,30,21696
2017,Morris,4-Tyler,2774,22,12593
2017,Motley,1-Lubbock,221,19,1184
2017,Nacogdoches,5-Beaumont,13580,21,63691
2017,Navarro,3-Arlington,11798,25,47959
2017,Newton,5-Beaumont,2725,20,13912
2017,Nolan,2-Abilene,3986,26,15478
2017,Nueces,11-Edinburg,92738,25,369869
2017,Ochiltree,1-Lubbock,3318,30,10958
2017,Oldham,1-Lubbock,588,27,2163
2017,Orange,5-Beaumont,19578,23,84886
2017,Palo Pinto,3-Arlington,6361,23,27955
2017,Panola,4-Tyler,5936,24,24402
2017,Parker,3-Arlington,30096,23,129607
2017,Parmer,1-Lubbock,2689,28,9489
2017,Pecos,9-Midland,3952,24,16313
2017,Polk,5-Beaumont,9395,20,47886
2017,Potter,1-Lubbock,31644,26,122482
2017,Presidio,10-El Paso,1585,25,6371
2017,Rains,4-Tyler,2149,19,11234
2017,Randall,1-Lubbock,31894,24,132035
2017,Reagan,9-Midland,1108,28,3928
2017,Real,8-San Antonio,622,18,3386
2017,Red River,4-Tyler,2575,20,12701
2017,Reeves,9-Midland,3283,22,15081
2017,Refugio,11-Edinburg,1717,23,7529
2017,Roberts,1-Lubbock,235,24,974
2017,Robertson,7-Austin,3763,22,16791
2017,Rockwall,3-Arlington,24271,26,94557
2017,Runnels,2-Abilene,2535,23,10822
2017,Rusk,4-Tyler,11608,22,52941
2017,Sabine,5-Beaumont,1880,18,10201
2017,San Augustine,5-Beaumont,1624,19,8543
2017,San Jacinto,5-Beaumont,6228,22,28106
2017,San Patricio,11-Edinburg,18111,26,69197
2017,San Saba,7-Austin,1177,20,5910
2017,Schleicher,9-Midland,868,26,3292
2017,Scurry,2-Abilene,4477,25,17902
2017,Shackelford,2-Abilene,760,22,3382
2017,Shelby,5-Beaumont,6709,26,25574
2017,Sherman,1-Lubbock,838,26,3177
2017,Smith,4-Tyler,56223,25,227753
2017,Somervell,3-Arlington,1988,22,9002
2017,Starr,11-Edinburg,20079,31,63778
2017,Stephens,2-Abilene,2162,23,9567
2017,Sterling,9-Midland,266,22,1218
2017,Stonewall,2-Abilene,307,20,1511
2017,Sutton,9-Midland,998,23,4295
2017,Swisher,1-Lubbock,1846,25,7515
2017,Tarrant,3-Arlington,531243,26,2040538
2017,Taylor,2-Abilene,33871,25,137105
2017,Terrell,9-Midland,210,20,1040
2017,Terry,1-Lubbock,3407,26,12915
2017,Throckmorton,2-Abilene,313,20,1548
2017,Titus,4-Tyler,9273,28,32855
2017,Tom Green,9-Midland,27350,23,118925
2017,Travis,7-Austin,276461,23,1211795
2017,Trinity,5-Beaumont,2724,19,14371
2017,Tyler,5-Beaumont,4143,19,21446
2017,Upshur,4-Tyler,9210,23,40887
2017,Upton,9-Midland,999,26,3780
2017,Uvalde,8-San Antonio,7065,26,27339
2017,Val Verde,8-San Antonio,13740,28,48482
2017,Van Zandt,4-Tyler,12321,23,54600
2017,Victoria,8-San Antonio,22856,24,94187
2017,Walker,6-Houston,12347,17,71699
2017,Waller,6-Houston,11293,23,48346
2017,Ward,9-Midland,3579,29,12543
2017,Washington,7-Austin,7608,22,34698
2017,Webb,11-Edinburg,82922,31,267971
2017,Wharton,6-Houston,10745,26,41777
2017,Wheeler,1-Lubbock,1414,25,5680
2017,Wichita,2-Abilene,29690,22,132632
2017,Wilbarger,2-Abilene,3115,24,13181
2017,Willacy,11-Edinburg,5490,25,22174
2017,Williamson,7-Austin,139636,26,534550
2017,Wilson,8-San Antonio,11365,23,48995
2017,Winkler,9-Midland,2534,30,8509
2017,Wise,3-Arlington,14833,23,63820
2017,Wood,4-Tyler,8742,20,44331
2017,Yoakum,1-Lubbock,2767,32,8752
2017,Young,2-Abilene,4390,24,18640
2017,Zapata,11-Edinburg,4665,33,14353
2017,Zavala,8-San Antonio,3789,31,12368
2016,Anderson,4-Tyler,11160,19,58382
2016,Andrews,9-Midland,5625,30,18708
2016,Angelina,5-Beaumont,23212,26,89219
2016,Aransas,11-Edinburg,4739,18,25763
2016,Archer,2-Abilene,1836,21,8582
2016,Armstrong,1-Lubbock,366,19,1951
2016,Atascosa,8-San Antonio,12922,26,48782
2016,Austin,6-Houston,6919,23,29603
2016,Bailey,1-Lubbock,2311,31,7464
2016,Bandera,8-San Antonio,3496,17,20912
2016,Bastrop,7-Austin,20324,25,81259
2016,Baylor,2-Abilene,803,22,3650
2016,Bee,11-Edinburg,7281,22,33379
2016,Bell,7-Austin,98156,29,337015
2016,Bexar,8-San Antonio,503249,26,1935868
2016,Blanco,7-Austin,2121,19,11094
2016,Borden,9-Midland,106,16,667
2016,Bosque,7-Austin,3801,21,17909
2016,Bowie,4-Tyler,20510,22,92597
2016,Brazoria,6-Houston,91720,26,349762
2016,Brazos,7-Austin,46632,22,213043
2016,Brewster,10-El Paso,2000,22,9214
2016,Briscoe,1-Lubbock,332,21,1587
2016,Brooks,11-Edinburg,1888,26,7203
2016,Brown,2-Abilene,8739,23,38686
2016,Burleson,7-Austin,3943,23,17507
2016,Burnet,7-Austin,10011,22,45948
2016,Caldwell,7-Austin,10589,25,41678
2016,Calhoun,8-San Antonio,5587,25,22287
2016,Callahan,2-Abilene,2787,21,13447
2016,Cameron,11-Edinburg,128896,31,420614
2016,Camp,4-Tyler,3266,25,12957
2016,Carson,1-Lubbock,1361,23,5906
2016,Cass,4-Tyler,6757,22,30472
2016,Castro,1-Lubbock,2092,28,7458
2016,Chambers,6-Houston,10303,26,39083
2016,Cherokee,4-Tyler,13317,26,51738
2016,Childress,1-Lubbock,1446,20,7079
2016,Clay,2-Abilene,2042,20,10169
2016,Cochran,1-Lubbock,924,29,3219
2016,Coke,9-Midland,644,20,3257
2016,Coleman,2-Abilene,1949,23,8656
2016,Collin,3-Arlington,248346,27,930091
2016,Collingsworth,1-Lubbock,829,27,3127
2016,Colorado,6-Houston,4879,23,21097
2016,Comal,8-San Antonio,29039,22,129967
2016,Comanche,2-Abilene,3073,23,13437
2016,Concho,9-Midland,560,14,4119
2016,Cooke,3-Arlington,9118,23,39215
2016,Coryell,7-Austin,20380,26,77013
2016,Cottle,2-Abilene,326,22,1507
2016,Crane,9-Midland,1532,29,5376
2016,Crockett,9-Midland,973,25,3922
2016,Crosby,1-Lubbock,1656,26,6274
2016,Culberson,10-El Paso,508,22,2306
2016,Dallam,1-Lubbock,2146,31,6993
2016,Dallas,3-Arlington,699807,27,2587530
2016,Dawson,9-Midland,3298,24,13666
2016,DeWitt,8-San Antonio,4515,21,21030
2016,Deaf Smith,1-Lubbock,5790,31,18578
2016,Delta,4-Tyler,1127,21,5323
2016,Denton,3-Arlington,201564,25,795196
2016,Dickens,1-Lubbock,367,16,2234
2016,Dimmit,8-San Antonio,3204,29,10955
2016,Donley,1-Lubbock,691,20,3509
2016,Duval,11-Edinburg,3038,26,11836
2016,Eastland,2-Abilene,4152,23,18379
2016,Ector,9-Midland,48404,30,163571
2016,Edwards,8-San Antonio,408,20,2002
2016,El Paso,10-El Paso,238754,28,847036
2016,Ellis,3-Arlington,43911,26,166103
2016,Erath,3-Arlington,8643,22,39847
2016,Falls,7-Austin,3516,21,17092
2016,Fannin,3-Arlington,7048,21,34293
2016,Fayette,7-Austin,5463,22,25383
2016,Fisher,2-Abilene,820,21,3969
2016,Floyd,1-Lubbock,1550,26,5980
2016,Foard,2-Abilene,240,19,1265
2016,Fort Bend,6-Houston,193947,27,727754
2016,Franklin,4-Tyler,2675,25,10763
2016,Freestone,7-Austin,4496,23,19863
2016,Frio,8-San Antonio,4497,24,18850
2016,Gaines,9-Midland,6825,34,20194
2016,Galveston,6-Houston,80604,25,328728
2016,Garza,1-Lubbock,1329,20,6659
2016,Gillespie,8-San Antonio,4847,19,25547
2016,Glasscock,9-Midland,295,23,1306
2016,Goliad,8-San Antonio,1543,21,7521
2016,Gonzales,8-San Antonio,5525,27,20796
2016,Gray,1-Lubbock,5788,25,23434
2016,Grayson,3-Arlington,30014,24,127493
2016,Gregg,4-Tyler,31779,26,124421
2016,Grimes,7-Austin,6140,22,27998
2016,Guadalupe,8-San Antonio,39197,26,153319
2016,Hale,1-Lubbock,9630,28,34444
2016,Hall,1-Lubbock,787,24,3303
2016,Hamilton,7-Austin,1767,21,8305
2016,Hansford,1-Lubbock,1672,29,5723
2016,Hardeman,2-Abilene,952,24,3942
2016,Hardin,5-Beaumont,13266,24,55906
2016,Harris,6-Houston,1255382,27,4616802
2016,Harrison,4-Tyler,17121,25,67300
2016,Hartley,1-Lubbock,1241,21,6040
2016,Haskell,2-Abilene,1213,20,6020
2016,Hays,7-Austin,46928,24,199621
2016,Hemphill,1-Lubbock,1305,31,4246
2016,Henderson,4-Tyler,17177,21,80279
2016,Hidalgo,11-Edinburg,261559,31,831924
2016,Hill,7-Austin,8473,24,35526
2016,Hockley,1-Lubbock,6402,27,23905
2016,Hood,3-Arlington,11198,20,55618
2016,Hopkins,4-Tyler,8686,24,36353
2016,Houston,5-Beaumont,4534,20,23026
2016,Howard,9-Midland,8799,23,38504
2016,Hudspeth,10-El Paso,802,24,3406
2016,Hunt,3-Arlington,21288,23,91327
2016,Hutchinson,1-Lubbock,5475,25,21682
2016,Irion,9-Midland,291,19,1531
2016,Jack,2-Abilene,1882,21,8905
2016,Jackson,8-San Antonio,3858,25,15151
2016,Jasper,5-Beaumont,8422,24,35696
2016,Jeff Davis,10-El Paso,331,15,2183
2016,Jefferson,5-Beaumont,59361,23,255994
2016,Jim Hogg,11-Edinburg,1486,29,5170
2016,Jim Wells,11-Edinburg,11774,28,42090
2016,Johnson,3-Arlington,42175,26,163278
2016,Jones,2-Abilene,3390,17,19862
2016,Karnes,8-San Antonio,3136,21,15097
2016,Kaufman,3-Arlington,30542,26,115860
2016,Kendall,8-San Antonio,9162,23,40398
2016,Kenedy,11-Edinburg,97,22,451
2016,Kent,2-Abilene,160,20,786
2016,Kerr,8-San Antonio,10147,20,51140
2016,Kimble,9-Midland,828,19,4440
2016,King,1-Lubbock,56,19,298
2016,Kinney,8-San Antonio,671,19,3477
2016,Kleberg,11-Edinburg,7326,24,31129
2016,Knox,2-Abilene,981,26,3838
2016,La Salle,8-San Antonio,1525,20,7695
2016,Lamar,4-Tyler,11465,23,50006
2016,Lamb,1-Lubbock,3529,27,13239
2016,Lampasas,7-Austin,4507,22,20436
2016,Lavaca,8-San Antonio,4666,23,19978
2016,Lee,7-Austin,4181,24,17201
2016,Leon,7-Austin,3790,22,17322
2016,Liberty,6-Houston,19975,25,81282
2016,Limestone,7-Austin,5284,22,23506
2016,Lipscomb,1-Lubbock,874,25,3496
2016,Live Oak,11-Edinburg,2351,20,11812
2016,Llano,7-Austin,3034,16,19372
2016,Loving,9-Midland,12,14,88
2016,Lubbock,1-Lubbock,72444,24,299742
2016,Lynn,1-Lubbock,1440,25,5689
2016,Madison,7-Austin,3093,22,14139
2016,Marion,4-Tyler,1911,18,10433
2016,Martin,9-Midland,1538,28,5494
2016,Mason,9-Midland,776,20,3919
2016,Matagorda,6-Houston,9143,25,36991
2016,Maverick,8-San Antonio,17839,31,57684
2016,McCulloch,9-Midland,1928,23,8486
2016,McLennan,7-Austin,63409,26,245791
2016,McMullen,11-Edinburg,127,17,754
2016,Medina,8-San Antonio,11478,24,48680
2016,Menard,9-Midland,418,19,2200
2016,Midland,9-Midland,45345,28,163923
2016,Milam,7-Austin,6017,24,24642
2016,Mills,7-Austin,1047,21,4874
2016,Mitchell,2-Abilene,1826,19,9678
2016,Montague,2-Abilene,4284,22,19392
2016,Montgomery,6-Houston,140504,26,545011
2016,Moore,1-Lubbock,6524,30,21713
2016,Morris,4-Tyler,2787,22,12649
2016,Motley,1-Lubbock,227,19,1186
2016,Nacogdoches,5-Beaumont,13664,21,63583
2016,Navarro,3-Arlington,11935,25,47930
2016,Newton,5-Beaumont,2776,20,13982
2016,Nolan,2-Abilene,3973,26,15430
2016,Nueces,11-Edinburg,91840,25,365409
2016,Ochiltree,1-Lubbock,3312,31,10849
2016,Oldham,1-Lubbock,615,29,2152
2016,Orange,5-Beaumont,19600,23,84466
2016,Palo Pinto,3-Arlington,6423,23,27978
2016,Panola,4-Tyler,5927,24,24321
2016,Parker,3-Arlington,29924,23,127694
2016,Parmer,1-Lubbock,2735,29,9590
2016,Pecos,9-Midland,3942,24,16219
2016,Polk,5-Beaumont,9378,20,47485
2016,Potter,1-Lubbock,31937,26,122365
2016,Presidio,10-El Paso,1655,25,6552
2016,Rains,4-Tyler,2151,19,11187
2016,Randall,1-Lubbock,31562,24,130159
2016,Reagan,9-Midland,1086,28,3831
2016,Real,8-San Antonio,607,18,3370
2016,Red River,4-Tyler,2585,20,12741
2016,Reeves,9-Midland,3232,22,14869
2016,Refugio,11-Edinburg,1721,23,7505
2016,Roberts,1-Lubbock,235,24,964
2016,Robertson,7-Austin,3778,23,16744
2016,Rockwall,3-Arlington,24238,26,92123
2016,Runnels,2-Abilene,2508,23,10774
2016,Rusk,4-Tyler,11679,22,52986
2016,Sabine,5-Beaumont,1898,18,10283
2016,San Augustine,5-Beaumont,1655,19,8584
2016,San Jacinto,5-Beaumont,6165,22,27842
2016,San Patricio,11-Edinburg,18049,26,68542
2016,San Saba,7-Austin,1165,20,5925
2016,Schleicher,9-Midland,892,27,3292
2016,Scurry,2-Abilene,4416,25,17743
2016,Shackelford,2-Abilene,767,23,3375
2016,Shelby,5-Beaumont,6709,26,25582
2016,Sherman,1-Lubbock,823,26,3143
2016,Smith,4-Tyler,55826,25,225242
2016,Somervell,3-Arlington,1987,22,8917
2016,Starr,11-Edinburg,20065,32,63426
2016,Stephens,2-Abilene,2179,23,9582
2016,Sterling,9-Midland,268,22,1209
2016,Stonewall,2-Abilene,308,20,1506
2016,Sutton,9-Midland,1010,24,4255
2016,Swisher,1-Lubbock,1873,25,7541
2016,Tarrant,3-Arlington,527339,26,2006888
2016,Taylor,2-Abilene,33614,25,136337
2016,Terrell,9-Midland,206,20,1031
2016,Terry,1-Lubbock,3398,26,12877
2016,Throckmorton,2-Abilene,323,21,1551
2016,Titus,4-Tyler,9343,28,32805
2016,Tom Green,9-Midland,27083,23,117499
2016,Travis,7-Austin,272021,23,1184722
2016,Trinity,5-Beaumont,2748,19,14404
2016,Tyler,5-Beaumont,4146,19,21473
2016,Upshur,4-Tyler,9237,23,40659
2016,Upton,9-Midland,973,26,3711
2016,Uvalde,8-San Antonio,7102,26,27181
2016,Val Verde,8-San Antonio,13847,29,48564
2016,Van Zandt,4-Tyler,12310,23,54304
2016,Victoria,8-San Antonio,22814,25,93015
2016,Walker,6-Houston,12122,17,71016
2016,Waller,6-Houston,11195,24,47553
2016,Ward,9-Midland,3445,28,12217
2016,Washington,7-Austin,7566,22,34545
2016,Webb,11-Edinburg,83347,31,265200
2016,Wharton,6-Houston,10737,26,41709
2016,Wheeler,1-Lubbock,1401,25,5643
2016,Wichita,2-Abilene,29763,22,132433
2016,Wilbarger,2-Abilene,3139,24,13212
2016,Willacy,11-Edinburg,5523,25,22184
2016,Williamson,7-Austin,137160,27,517263
2016,Wilson,8-San Antonio,11343,24,48091
2016,Winkler,9-Midland,2441,29,8278
2016,Wise,3-Arlington,14849,24,63146
2016,Wood,4-Tyler,8701,20,44009
2016,Yoakum,1-Lubbock,2735,32,8599
2016,Young,2-Abilene,4388,24,18603
2016,Zapata,11-Edinburg,4702,33,14327
2016,Zavala,8-San Antonio,3756,31,12275
2015,Anderson,4-Tyler,11164,19,58408
2015,Andrews,9-Midland,5358,30,17952
2015,Angelina,5-Beaumont,23247,26,88868
2015,Aransas,11-Edinburg,4678,18,25302
2015,Archer,2-Abilene,1877,22,8657
2015,Armstrong,1-Lubbock,375,19,1942
2015,Atascosa,8-San Antonio,12917,27,48087
2015,Austin,6-Houston,6937,24,29394
2015,Bailey,1-Lubbock,2295,31,7413
2015,Bandera,8-San Antonio,3548,17,20830
2015,Bastrop,7-Austin,20205,25,80082
2015,Baylor,2-Abilene,804,22,3659
2015,Bee,11-Edinburg,7214,22,33099
2015,Bell,7-Austin,96767,29,332820
2015,Bexar,8-San Antonio,495888,26,1897850
2015,Blanco,7-Austin,2147,20,10988
2015,Borden,9-Midland,112,17,660
2015,Bosque,7-Austin,3832,21,17952
2015,Bowie,4-Tyler,20690,22,92594
2015,Brazoria,6-Houston,90983,26,343497
2015,Brazos,7-Austin,45474,22,209233
2015,Brewster,10-El Paso,1988,22,9228
2015,Briscoe,1-Lubbock,327,21,1593
2015,Brooks,11-Edinburg,1903,26,7213
2015,Brown,2-Abilene,8811,23,38590
2015,Burleson,7-Austin,3946,23,17458
2015,Burnet,7-Austin,9960,22,45389
2015,Caldwell,7-Austin,10468,26,41044
2015,Calhoun,8-San Antonio,5553,25,22144
2015,Callahan,2-Abilene,2844,21,13463
2015,Cameron,11-Edinburg,129790,31,418541
2015,Camp,4-Tyler,3272,25,12863
2015,Carson,1-Lubbock,1382,23,5952
2015,Cass,4-Tyler,6784,22,30486
2015,Castro,1-Lubbock,2161,29,7549
2015,Chambers,6-Houston,10238,27,38356
2015,Cherokee,4-Tyler,13290,26,51614
2015,Childress,1-Lubbock,1450,21,7071
2015,Clay,2-Abilene,2081,20,10260
2015,Cochran,1-Lubbock,906,28,3189
2015,Coke,9-Midland,647,20,3268
2015,Coleman,2-Abilene,1948,22,8696
2015,Collin,3-Arlington,245221,27,904421
2015,Collingsworth,1-Lubbock,821,26,3106
2015,Colorado,6-Houston,4873,23,21046
2015,Comal,8-San Antonio,28362,23,126054
2015,Comanche,2-Abilene,3116,23,13521
2015,Concho,9-Midland,555,14,4102
2015,Cooke,3-Arlington,9228,24,39082
2015,Coryell,7-Austin,20527,27,76750
2015,Cottle,2-Abilene,325,22,1503
2015,Crane,9-Midland,1479,29,5190
2015,Crockett,9-Midland,972,25,3887
2015,Crosby,1-Lubbock,1666,27,6235
2015,Culberson,10-El Paso,531,23,2319
2015,Dallam,1-Lubbock,2110,30,6943
2015,Dallas,3-Arlington,691569,27,2551029
2015,Dawson,9-Midland,3282,24,13671
2015,DeWitt,8-San Antonio,4483,22,20855
2015,Deaf Smith,1-Lubbock,5872,31,18697
2015,Delta,4-Tyler,1115,21,5299
2015,Denton,3-Arlington,198629,26,771688
2015,Dickens,1-Lubbock,376,17,2258
2015,Dimmit,8-San Antonio,3142,29,10769
2015,Donley,1-Lubbock,693,20,3524
2015,Duval,11-Edinburg,3025,26,11824
2015,Eastland,2-Abilene,4130,22,18411
2015,Ector,9-Midland,46943,30,158753
2015,Edwards,8-San Antonio,399,20,1997
2015,El Paso,10-El Paso,238130,28,839545
2015,Ellis,3-Arlington,43765,27,163301
2015,Erath,3-Arlington,8532,22,39471
2015,Falls,7-Austin,3573,21,17223
2015,Fannin,3-Arlington,7096,21,34231
2015,Fayette,7-Austin,5427,22,25219
2015,Fisher,2-Abilene,822,21,3963
2015,Floyd,1-Lubbock,1585,26,6031
2015,Foard,2-Abilene,245,19,1270
2015,Fort Bend,6-Houston,190264,27,702044
2015,Franklin,4-Tyler,2649,25,10730
2015,Freestone,7-Austin,4490,23,19847
2015,Frio,8-San Antonio,4435,24,18565
2015,Gaines,9-Midland,6686,34,19735
2015,Galveston,6-Houston,79414,25,322292
2015,Garza,1-Lubbock,1321,20,6615
2015,Gillespie,8-San Antonio,4851,19,25393
2015,Glasscock,9-Midland,301,23,1290
2015,Goliad,8-San Antonio,1559,21,7485
2015,Gonzales,8-San Antonio,5497,27,20651
2015,Gray,1-Lubbock,5711,25,23242
2015,Grayson,3-Arlington,29835,24,126409
2015,Gregg,4-Tyler,31730,26,124043
2015,Grimes,7-Austin,6088,22,27755
2015,Guadalupe,8-San Antonio,38629,26,149395
2015,Hale,1-Lubbock,9763,28,34731
2015,Hall,1-Lubbock,788,24,3303
2015,Hamilton,7-Austin,1793,22,8338
2015,Hansford,1-Lubbock,1661,29,5698
2015,Hardeman,2-Abilene,958,24,3963
2015,Hardin,5-Beaumont,13457,24,55738
2015,Harris,6-Houston,1236430,27,4527909
2015,Harrison,4-Tyler,17077,25,67021
2015,Hartley,1-Lubbock,1250,21,6029
2015,Haskell,2-Abilene,1192,20,5983
2015,Hays,7-Austin,45540,24,191851
2015,Hemphill,1-Lubbock,1271,31,4151
2015,Henderson,4-Tyler,17257,22,80005
2015,Hidalgo,11-Edinburg,262042,32,822205
2015,Hill,7-Austin,8483,24,35475
2015,Hockley,1-Lubbock,6336,27,23723
2015,Hood,3-Arlington,11098,20,54870
2015,Hopkins,4-Tyler,8677,24,36161
2015,Houston,5-Beaumont,4584,20,23135
2015,Howard,9-Midland,8655,23,37856
2015,Hudspeth,10-El Paso,818,24,3410
2015,Hunt,3-Arlington,21174,23,90372
2015,Hutchinson,1-Lubbock,5496,25,21747
2015,Irion,9-Midland,292,19,1537
2015,Jack,2-Abilene,1884,21,8933
2015,Jackson,8-San Antonio,3810,25,14965
2015,Jasper,5-Beaumont,8431,24,35716
2015,Jeff Davis,10-El Paso,333,15,2198
2015,Jefferson,5-Beaumont,59189,23,255300
2015,Jim Hogg,11-Edinburg,1493,29,5190
2015,Jim Wells,11-Edinburg,11729,28,41884
2015,Johnson,3-Arlington,41992,26,161209
2015,Jones,2-Abilene,3427,17,19905
2015,Karnes,8-San Antonio,3083,21,15034
2015,Kaufman,3-Arlington,30339,27,113657
2015,Kendall,8-San Antonio,8929,23,39084
2015,Kenedy,11-Edinburg,98,22,445
2015,Kent,2-Abilene,162,21,789
2015,Kerr,8-San Antonio,10092,20,50864
2015,Kimble,9-Midland,843,19,4464
2015,King,1-Lubbock,61,21,295
2015,Kinney,8-San Antonio,673,19,3486
2015,Kleberg,11-Edinburg,7422,24,31225
2015,Knox,2-Abilene,965,25,3813
2015,La Salle,8-San Antonio,1501,20,7556
2015,Lamar,4-Tyler,11521,23,49980
2015,Lamb,1-Lubbock,3591,27,13356
2015,Lampasas,7-Austin,4521,22,20295
2015,Lavaca,8-San Antonio,4584,23,19818
2015,Lee,7-Austin,4169,24,17102
2015,Leon,7-Austin,3775,22,17227
2015,Liberty,6-Houston,19763,25,80287
2015,Limestone,7-Austin,5301,23,23481
2015,Lipscomb,1-Lubbock,876,25,3459
2015,Live Oak,11-Edinburg,2322,20,11748
2015,Llano,7-Austin,3021,16,19348
2015,Loving,9-Midland,11,13,87
2015,Lubbock,1-Lubbock,71740,24,295763
2015,Lynn,1-Lubbock,1475,26,5716
2015,Madison,7-Austin,3075,22,14054
2015,Marion,4-Tyler,1929,18,10458
2015,Martin,9-Midland,1515,28,5367
2015,Mason,9-Midland,782,20,3928
2015,Matagorda,6-Houston,9199,25,36932
2015,Maverick,8-San Antonio,17809,31,57107
2015,McCulloch,9-Midland,1949,23,8448
2015,McLennan,7-Austin,62925,26,243882
2015,McMullen,11-Edinburg,133,18,746
2015,Medina,8-San Antonio,11504,24,48221
2015,Menard,9-Midland,422,19,2199
2015,Midland,9-Midland,43753,28,158745
2015,Milam,7-Austin,6026,24,24634
2015,Mills,7-Austin,1055,22,4875
2015,Mitchell,2-Abilene,1827,19,9622
2015,Montague,2-Abilene,4329,22,19446
2015,Montgomery,6-Houston,137611,26,529079
2015,Moore,1-Lubbock,6579,30,21734
2015,Morris,4-Tyler,2810,22,12698
2015,Motley,1-Lubbock,235,20,1191
2015,Nacogdoches,5-Beaumont,13806,22,63548
2015,Navarro,3-Arlington,12038,25,47908
2015,Newton,5-Beaumont,2842,20,14051
2015,Nolan,2-Abilene,3944,26,15376
2015,Nueces,11-Edinburg,90977,25,360992
2015,Ochiltree,1-Lubbock,3285,31,10737
2015,Oldham,1-Lubbock,636,30,2140
2015,Orange,5-Beaumont,19598,23,84037
2015,Palo Pinto,3-Arlington,6503,23,27979
2015,Panola,4-Tyler,5922,24,24238
2015,Parker,3-Arlington,29765,24,125811
2015,Parmer,1-Lubbock,2793,29,9697
2015,Pecos,9-Midland,3908,24,16119
2015,Polk,5-Beaumont,9371,20,47077
2015,Potter,1-Lubbock,32188,26,122204
2015,Presidio,10-El Paso,1730,26,6726
2015,Rains,4-Tyler,2187,20,11147
2015,Randall,1-Lubbock,31219,24,128364
2015,Reagan,9-Midland,1064,28,3739
2015,Real,8-San Antonio,597,18,3364
2015,Red River,4-Tyler,2591,20,12770
2015,Reeves,9-Midland,3192,22,14686
2015,Refugio,11-Edinburg,1717,23,7475
2015,Roberts,1-Lubbock,237,25,955
2015,Robertson,7-Austin,3809,23,16713
2015,Rockwall,3-Arlington,24225,27,89731
2015,Runnels,2-Abilene,2534,24,10726
2015,Rusk,4-Tyler,11753,22,53046
2015,Sabine,5-Beaumont,1913,18,10372
2015,San Augustine,5-Beaumont,1672,19,8631
2015,San Jacinto,5-Beaumont,6168,22,27583
2015,San Patricio,11-Edinburg,17969,26,67868
2015,San Saba,7-Austin,1153,19,5945
2015,Schleicher,9-Midland,922,28,3296
2015,Scurry,2-Abilene,4366,25,17598
2015,Shackelford,2-Abilene,770,23,3370
2015,Shelby,5-Beaumont,6699,26,25552
2015,Sherman,1-Lubbock,831,27,3120
2015,Smith,4-Tyler,55462,25,222690
2015,Somervell,3-Arlington,2009,23,8832
2015,Starr,11-Edinburg,20113,32,63044
2015,Stephens,2-Abilene,2191,23,9589
2015,Sterling,9-Midland,269,22,1199
2015,Stonewall,2-Abilene,310,21,1498
2015,Sutton,9-Midland,1005,24,4221
2015,Swisher,1-Lubbock,1887,25,7576
2015,Tarrant,3-Arlington,523708,27,1973526
2015,Taylor,2-Abilene,33423,25,135587
2015,Terrell,9-Midland,207,20,1022
2015,Terry,1-Lubbock,3374,26,12834
2015,Throckmorton,2-Abilene,317,20,1556
2015,Titus,4-Tyler,9389,29,32731
2015,Tom Green,9-Midland,26860,23,116140
2015,Travis,7-Austin,267332,23,1157447
2015,Trinity,5-Beaumont,2774,19,14429
2015,Tyler,5-Beaumont,4119,19,21503
2015,Upshur,4-Tyler,9278,23,40422
2015,Upton,9-Midland,968,27,3645
2015,Uvalde,8-San Antonio,7174,27,27040
2015,Val Verde,8-San Antonio,13970,29,48649
2015,Van Zandt,4-Tyler,12317,23,54009
2015,Victoria,8-San Antonio,22779,25,91894
2015,Walker,6-Houston,11936,17,70407
2015,Waller,6-Houston,11089,24,46782
2015,Ward,9-Midland,3331,28,11914
2015,Washington,7-Austin,7534,22,34373
2015,Webb,11-Edinburg,83785,32,262486
2015,Wharton,6-Houston,10772,26,41645
2015,Wheeler,1-Lubbock,1393,25,5599
2015,Wichita,2-Abilene,29876,23,132213
2015,Wilbarger,2-Abilene,3173,24,13266
2015,Willacy,11-Edinburg,5553,25,22166
2015,Williamson,7-Austin,134627,27,500485
2015,Wilson,8-San Antonio,11333,24,47206
2015,Winkler,9-Midland,2377,29,8062
2015,Wise,3-Arlington,14900,24,62467
2015,Wood,4-Tyler,8626,20,43677
2015,Yoakum,1-Lubbock,2663,32,8449
2015,Young,2-Abilene,4392,24,18571
2015,Zapata,11-Edinburg,4710,33,14282
2015,Zavala,8-San Antonio,3719,31,12180
